CustomerID,Age,Gender,AnnualIncome,SpendingScore,PurchaseHistory,LastPurchaseDate,MembershipStatus
CUST_0001,45.0,Male,287756.0,10.0,"[347, 2822]",2023-06-10,Silver
CUST_0002,38.0,Female,221911.0,98.0,"[1481, 1114, 7432, 5499]",2023-06-18,Gold
CUST_0003,47.0,Male,49793.0,89.0,"[4277, 394, 2264, 5103, 362, 2068, 6533, 5494, 2282, 5933]",2023-10-27,Regular
CUST_0004,58.0,Female,55425.0,35.0,[7612],2023-07-19,Regular
CUST_0005,37.0,Male,88006.0,80.0,"[7011, 3468, 1639]",2023-05-01,Silver
CUST_0006,37.0,Male,60146.0,2.0,"[1111, 3861, 3653, 3505, 2718, 530]",2023-08-05,Regular
CUST_0007,58.0,Male,54296.0,24.0,"[5408, 9733, 3847, 5565, 8311, 6223, 8630, 5815]",2023-04-22,Regular
CUST_0008,49.0,Male,78049.0,74.0,"[553, 2356]",2023-03-15,Regular
CUST_0009,34.0,Female,87785.0,38.0,"[9853, 8567, 8678, 3863, 4588]",2023-02-24,Regular
CUST_0010,46.0,Male,80784.0,22.0,"[1710, 3617, 6734, 7048, 6867, 806]",2023-03-31,Regular
CUST_0011,34.0,Female,84940.0,26.0,"[5387, 2523, 4676]",2023-04-20,Regular
CUST_0012,34.0,Male,58648.0,43.0,"[9896, 6435, 5613, 6877, 8444]",2023-05-21,Regular
CUST_0013,42.0,Male,48672.0,55.0,[2367],2023-08-14,Regular
CUST_0014,17.0,Male,92520.0,39.0,[8069],2023-07-29,Regular
CUST_0015,19.0,Female,65159.0,91.0,"[2750, 2188, 9434, 8776, 3215, 6588, 4016]",2023-05-11,Regular
CUST_0016,33.0,Male,66237.0,29.0,"[1514, 1482, 7475, 5435, 7495, 4341, 5876, 3683]",2023-10-29,Regular
CUST_0017,27.0,Female,89922.0,20.0,"[5144, 1000, 566]",2023-01-29,Regular
CUST_0018,43.0,Female,78343.0,91.0,"[1613, 1683]",2023-09-09,Regular
CUST_0019,29.0,Female,76838.0,41.0,"[6004, 3909, 5999, 4733, 2588, 5576, 9430]",2023-10-01,Regular
CUST_0020,23.0,Female,102475.0,54.0,"[6848, 5416]",2023-07-11,Regular
CUST_0021,57.0,Female,60347.0,20.0,"[7709, 3467, 3005, 1665, 132]",2023-12-25,Regular
CUST_0022,37.0,Female,83917.0,19.0,"[9721, 7643, 5126, 1153, 6290]",2023-02-27,Regular
CUST_0023,40.0,Female,70855.0,84.0,"[6128, 1613, 7648, 5439, 7808, 5350, 105, 3309, 292]",2023-06-12,Gold
CUST_0024,22.0,Female,74028.0,99.0,"[8799, 8333, 3144, 673, 8792, 9474]",2023-10-07,Regular
CUST_0025,33.0,Female,92927.0,66.0,,2023-08-05,Regular
CUST_0026,41.0,Male,77617.0,30.0,"[7681, 1371, 4805, 5543, 2724, 8737, 4289, 2196, 5439]",2023-09-01,Regular
CUST_0027,26.0,Male,78074.0,53.0,"[7158, 4050, 6749, 3796]",2023-12-16,Regular
CUST_0028,44.0,Male,86087.0,34.0,"[4569, 2554, 733, 308, 5583, 5925, 171, 7107, 682]",2023-05-07,Regular
CUST_0029,32.0,Male,64525.0,22.0,"[9063, 8610]",2023-05-23,Regular
CUST_0030,36.0,Male,57411.0,67.0,"[5190, 2856]",,Silver
CUST_0031,32.0,Female,54327.0,6.0,"[2220, 1409, 9361, 5753, 4779, 7867, 8094, 1985]",2023-07-05,Regular
CUST_0032,62.0,Female,40504.0,79.0,"[6623, 3607]",2023-09-01,Regular
CUST_0033,39.0,Female,100843.0,27.0,"[4723, 7317, 6766, 9843, 1074, 4085, 3459]",2023-07-08,Regular
CUST_0034,27.0,Female,53451.0,10.0,"[2561, 1983]",2023-06-07,Silver
CUST_0035,49.0,Female,66681.0,73.0,"[1487, 1916, 4680, 8757, 846, 8099, 8574, 1069]",2023-01-11,Regular
CUST_0036,25.0,Female,65847.0,97.0,"[8376, 9693, 9271, 8502, 1746, 4907, 2216, 4070, 680]",2023-11-27,Gold
CUST_0037,42.0,Female,74611.0,96.0,"[121, 3965, 9272, 7872, 2923, 6996, 7332]",2023-11-07,Regular
CUST_0038,16.0,Male,82236.0,48.0,"[6652, 4918, 1979, 2255, 678, 7383, 703, 3204, 596]",2023-01-18,Gold
CUST_0039,24.0,Male,82907.0,70.0,"[5078, 8541, 1658, 9611, 893, 1939, 5990, 6784]",2023-12-06,Gold
CUST_0040,42.0,Male,61253.0,59.0,"[4097, 9421, 5739, 5831]",2023-01-28,Regular
CUST_0041,48.0,Male,67493.0,100.0,[6231],2023-12-20,Regular
CUST_0042,42.0,Female,74238.0,59.0,"[6607, 5695, 3232, 2681, 6730, 3210, 2729]",2023-12-10,Regular
CUST_0043,38.0,Female,66269.0,2.0,"[6749, 3069, 3230]",2023-05-03,Regular
CUST_0044,36.0,Female,94110.0,29.0,"[192, 6249]",2023-05-10,Silver
CUST_0045,22.0,Male,77364.0,68.0,"[9961, 825, 2210, 2725, 9339, 8820, 8804, 3758, 1661, 8354]",2023-10-10,Regular
CUST_0046,31.0,Female,81023.0,65.0,"[6155, 9873, 6574, 177, 8189]",2023-07-16,Regular
CUST_0047,34.0,Female,79943.0,83.0,"[9324, 1125, 8793, 2718, 8908]",2023-06-08,Regular
CUST_0048,52.0,Female,87602.0,26.0,"[1638, 2889, 2185, 3494, 6906, 8543, 5103, 2586, 9090]",2023-11-24,Gold
CUST_0049,44.0,Male,72715.0,89.0,[1013],2023-12-25,Regular
CUST_0050,18.0,Female,50547.0,10.0,"[8310, 536, 3402, 1395, 9799, 1699, 4474]",2023-07-05,Regular
CUST_0051,43.0,Male,75995.0,53.0,"[5652, 1207, 9456, 6941, 1575, 456, 3755]",2023-12-17,Regular
CUST_0052,35.0,Male,60229.0,79.0,"[1566, 1361, 3151, 8999, 7981, 8620, 8999, 2179, 2570]",2023-03-04,Gold
CUST_0053,31.0,Male,62070.0,59.0,"[3601, 5642]",2023-10-01,Regular
CUST_0054,47.0,Male,,22.0,"[9740, 7519, 9265, 2443, 1708, 8018, 1852]",2023-05-02,Regular
CUST_0055,52.0,Female,88574.0,51.0,"[345, 7391, 3388, 9315, 8042, 8654, 8126]",2023-08-15,Regular
CUST_0056,51.0,Male,70319.0,48.0,"[1676, 7042, 3887, 483, 4759]",2023-07-18,Regular
CUST_0057,29.0,Male,74632.0,21.0,"[8184, 4657, 3121, 7973]",2023-01-05,Regular
CUST_0058,36.0,Female,95533.0,22.0,"[2306, 6634, 4044, 2858]",2023-07-21,Gold
CUST_0059,43.0,Female,73611.0,100.0,"[9672, 2863]",2023-05-11,Silver
CUST_0060,51.0,Male,109025.0,98.0,"[4056, 9813, 5408, 9398, 1241, 9706, 1867, 9629, 2728]",2023-06-04,Regular
CUST_0061,34.0,Female,78482.0,30.0,,2023-02-16,Silver
CUST_0062,37.0,Male,43588.0,25.0,"[4420, 9843, 1244, 9005, 1981, 539]",2023-05-01,Regular
CUST_0063,26.0,Male,81300.0,28.0,"[116, 9263, 5430, 7222, 7445, 6739, 3705]",2023-06-02,Silver
CUST_0064,25.0,Male,75717.0,65.0,"[9493, 9215]",2023-04-18,Silver
CUST_0065,49.0,Male,89346.0,45.0,"[3207, 8495, 7225, 3073, 3161, 4143, 4083, 3026, 1360, 4262]",2023-03-24,Regular
CUST_0066,56.0,Female,80097.0,68.0,"[6805, 9037, 6193, 3079, 5524, 104, 2940]",2023-08-13,Silver
CUST_0067,39.0,Male,67923.0,7.0,"[7879, 6105, 3290, 4473, 6788, 5160, 7957]",2023-11-20,Regular
CUST_0068,52.0,Female,51635.0,49.0,"[6622, 2909, 6672]",2023-06-12,
CUST_0069,44.0,Female,66864.0,9.0,"[3418, 8202, 7536, 6760, 2323, 2071, 341, 2523, 4803, 8512]",2023-11-26,Regular
CUST_0070,32.0,Female,57242.0,36.0,"[4608, 8872]",2023-07-28,Regular
CUST_0071,44.0,Female,61292.0,83.0,"[2024, 6993, 4994, 2515, 6594, 154, 7534, 7723, 1155, 4308]",2023-01-18,Silver
CUST_0072,58.0,Male,78828.0,1.0,"[8060, 6989, 4699]",2023-05-21,Gold
CUST_0073,39.0,Female,95048.0,10.0,"[2567, 8498, 4618, 8034, 6709, 9880, 5994, 9505, 8925]",2023-02-11,Regular
CUST_0074,58.0,Male,75920.0,36.0,"[8168, 8931, 4324, 9077, 4514, 1675, 8628, 4555, 7542, 8414]",2023-09-09,Silver
CUST_0075,8.0,Female,52061.0,73.0,"[7681, 5260, 6304, 2818, 867]",2023-08-30,Silver
CUST_0076,49.0,Female,76669.0,46.0,"[2421, 3424, 8940, 897, 1593]",2023-07-31,Regular
CUST_0077,41.0,Male,87949.0,32.0,"[6970, 7093, 735, 4135, 5471, 4216, 2147]",2023-06-20,Regular
CUST_0078,36.0,Male,60853.0,32.0,"[3955, 7720, 9466, 293, 8818, 5799, 4822]",2023-08-05,Regular
CUST_0079,41.0,Male,67989.0,6.0,"[3056, 3960, 8927, 8373, 5428, 7372]",2023-02-21,Regular
CUST_0080,16.0,Female,70220.0,48.0,"[8988, 4933, 2802, 4907, 3949, 6721, 8001, 7269, 8421, 9203]",2023-03-24,Gold
CUST_0081,37.0,Female,58226.0,38.0,"[5387, 9078, 5959, 6663, 931, 4343, 8681, 1899, 2675, 3340]",2023-12-24,Regular
CUST_0082,44.0,Male,79724.0,17.0,"[3335, 7636, 3853, 7544, 8336, 2597, 910, 291]",2023-05-14,Silver
CUST_0083,57.0,Male,68185.0,74.0,"[615, 9524, 2319, 779, 9577, 498, 407, 2548, 8408]",2023-09-17,Regular
CUST_0084,33.0,Male,76292.0,27.0,"[1608, 1349, 6727, 5683, 2257, 7024, 7692, 1761, 6111, 7504]",2023-02-03,Regular
CUST_0085,30.0,Male,56687.0,54.0,"[7800, 1721]",2023-06-30,Regular
CUST_0086,33.0,Female,63438.0,50.0,"[1170, 354, 3188, 6805, 9585]",2023-08-04,Regular
CUST_0087,50.0,Male,80835.0,35.0,,2023-11-05,Regular
CUST_0088,43.0,Male,64407.0,85.0,"[8074, 7982, 5702, 506, 5374, 6649, 782, 6510, 225, 4258]",2023-10-08,Regular
CUST_0089,33.0,Male,95904.0,25.0,"[1144, 9611, 6392, 8304, 7102, 4411, 7364, 9658]",2023-06-17,Regular
CUST_0090,46.0,Male,64005.0,28.0,"[6197, 9204, 7768, 4702, 8274]",2023-08-21,Regular
CUST_0091,41.0,Female,73370.0,15.0,"[2757, 8531, 8324, 957, 8828, 2514, 4700, 6142, 3851, 384]",2023-12-22,Regular
CUST_0092,51.0,Male,83988.0,4.0,"[1900, 2199, 7998, 3469, 8815, 7041]",2023-01-15,Silver
CUST_0093,31.0,Female,48724.0,93.0,"[5602, 5214, 1991, 2489, 4123]",2023-01-27,Regular
CUST_0094,,Male,43587.0,73.0,"[7605, 6937, 6494, 4959, 7950, 1021, 2293, 6948, 3131]",2023-11-25,Regular
CUST_0095,35.0,Male,47115.0,27.0,"[3753, 5579, 3503, 9966, 5548, 3582, 4592, 3135, 2382, 7240]",2023-11-25,Regular
CUST_0096,22.0,Female,88938.0,26.0,"[1283, 5405, 7645, 1932, 2242, 4893]",2023-04-05,Regular
CUST_0097,43.0,Male,61722.0,19.0,"[9768, 5293, 2901, 1095, 2021, 2352, 1876, 240, 5387, 2815]",2023-11-19,Gold
CUST_0098,43.0,Female,108372.0,92.0,[5578],2023-08-16,Regular
CUST_0099,40.0,Female,61536.0,17.0,"[6414, 7552, 1115]",2023-11-25,Regular
CUST_0100,37.0,Male,72768.0,43.0,[5783],2023-03-11,Silver
CUST_0101,23.0,Female,93131.0,41.0,"[4839, 3472, 9658, 2599, 8631, 1229, 746, 4968]",2023-01-02,Regular
CUST_0102,34.0,,100091.0,42.0,,2023-07-25,Regular
CUST_0103,35.0,Female,100922.0,50.0,"[7779, 3865, 9094, 3043]",2023-04-13,Regular
CUST_0104,30.0,Female,88125.0,84.0,"[9901, 3123, 6248, 6135, 7426, 9481, 2157, 2189, 6638, 1654]",2023-11-18,Regular
CUST_0105,38.0,Female,85360.0,40.0,"[5564, 1649, 4144]",2023-06-06,Regular
CUST_0106,44.0,Female,78887.0,39.0,"[4752, 423, 2952, 2898, 8610, 804, 2410, 2719, 7933, 5938]",2023-06-10,Regular
CUST_0107,62.0,Female,81675.0,23.0,"[4308, 5491, 6511, 9093]",2023-10-22,Silver
CUST_0108,42.0,Female,61732.0,96.0,"[806, 1742, 3145]",2023-02-12,Silver
CUST_0109,43.0,Male,57727.0,52.0,"[9219, 4447, 4740, 3110, 4084, 2795, 5445, 4433, 6020, 8905]",2023-02-26,Regular
CUST_0110,39.0,Male,69949.0,47.0,"[6076, 356, 2366, 6775, 8619, 5912]",2023-03-22,Regular
CUST_0111,16.0,Female,67447.0,63.0,[9995],2023-05-08,Silver
CUST_0112,39.0,Male,63201.0,97.0,"[5804, 7654, 1834, 5237, 4478]",2023-09-22,Regular
CUST_0113,40.0,Female,80445.0,69.0,"[1896, 5894, 6384, 4968, 1003]",2024-01-01,Silver
CUST_0114,69.0,Female,84329.0,43.0,"[4142, 3278, 1135, 1692, 4175, 5005]",2023-11-29,Silver
CUST_0115,37.0,Male,71326.0,48.0,"[8154, 5545, 4602, 3213, 3300, 9704, 4101]",2023-03-08,Silver
CUST_0116,43.0,Female,92162.0,34.0,"[8266, 111, 8706, 4673, 636, 5232, 6264, 5035, 4476]",2023-11-01,Regular
CUST_0117,39.0,Female,52874.0,40.0,[2115],2023-12-18,Regular
CUST_0118,25.0,Female,67095.0,75.0,"[1397, 2951, 8820, 4898, 385, 6337, 8013, 7126, 3176]",2023-07-30,Regular
CUST_0119,53.0,Female,59247.0,61.0,[5567],2023-06-13,Silver
CUST_0120,49.0,Male,42001.0,50.0,"[2324, 8429]",2023-08-20,Regular
CUST_0121,49.0,Female,68759.0,67.0,"[4668, 1262]",2023-09-02,Silver
CUST_0122,29.0,Female,68173.0,62.0,"[5033, 7194, 5137]",2023-03-10,Regular
CUST_0123,56.0,Female,92701.0,58.0,"[4213, 4876, 4774, 4622, 1531]",2023-05-14,Regular
CUST_0124,23.0,,79462.0,33.0,"[9226, 5131, 8805, 8653]",2023-03-30,Regular
CUST_0125,47.0,Female,54637.0,75.0,"[7749, 8558, 3464, 7898, 2745]",2023-12-18,Regular
CUST_0126,66.0,Male,97811.0,16.0,[2900],2023-10-31,Regular
CUST_0127,28.0,Male,88315.0,82.0,"[8391, 5841, 6633, 8666, 4520]",2023-06-17,Regular
CUST_0128,33.0,Female,78731.0,94.0,"[3516, 5563, 5479, 4607, 3285, 1967, 7005, 5760]",2023-05-25,Gold
CUST_0129,41.0,Female,66602.0,48.0,"[8574, 4166, 3249, 4782]",2023-04-12,Regular
CUST_0130,33.0,Male,55608.0,10.0,"[3922, 6670, 8225, 9810, 5003, 466, 5072]",2023-02-13,Regular
CUST_0131,21.0,Female,64416.0,82.0,"[3386, 1093, 8465, 1087, 9113, 251, 1527, 8722, 9702, 840]",2023-08-01,Regular
CUST_0132,40.0,Male,86331.0,38.0,"[3451, 6957, 6533, 8532, 8538]",2023-07-08,Silver
CUST_0133,27.0,Male,98268.0,19.0,"[3862, 3234, 7215, 7618, 8736, 455, 777, 6348, 9217]",2023-04-04,Silver
CUST_0134,45.0,Female,93148.0,36.0,"[7492, 4396, 1074, 6374]",2023-07-21,Regular
CUST_0135,28.0,Female,62667.0,59.0,"[4492, 6970]",2023-07-13,Silver
CUST_0136,58.0,Male,53205.0,63.0,[555],2023-10-20,Silver
CUST_0137,30.0,Male,72113.0,77.0,[3004],2023-04-25,Regular
CUST_0138,36.0,Male,43473.0,46.0,"[4363, 2517, 4179, 6849, 1882, 1833]",2023-01-11,Regular
CUST_0139,49.0,Male,74847.0,3.0,"[8721, 6235, 2484, 9137, 1516, 4665, 2614, 2627, 193, 8065]",2023-01-12,Regular
CUST_0140,25.0,Female,67785.0,74.0,"[6808, 1663, 4473, 3521, 5916]",2023-10-13,Regular
CUST_0141,42.0,Female,63009.0,65.0,"[6934, 4622, 3091, 9993, 8548, 1155, 3875]",2023-11-28,Silver
CUST_0142,55.0,Female,46079.0,91.0,"[5790, 9927, 3022, 9781, 6616, 2817]",2023-11-10,Regular
CUST_0143,20.0,Female,77704.0,8.0,"[8664, 7805, 9738, 9115, 7477, 8345, 9039, 7779, 2378, 8039]",2023-11-17,Gold
CUST_0144,42.0,Female,62009.0,51.0,"[6402, 6246, 6809, 7237]",2023-04-28,Regular
CUST_0145,43.0,Male,52451.0,81.0,"[6319, 9043, 6498]",2023-02-15,Regular
CUST_0146,49.0,Female,26916.0,73.0,"[7907, 430, 3712, 1400, 9105]",,Regular
CUST_0147,25.0,Female,69587.0,6.0,"[7500, 1838, 1408, 5440, 9717, 5355]",2023-04-12,Regular
CUST_0148,24.0,Female,96583.0,89.0,"[8321, 2644, 8264, 4870, 8084]",2023-05-15,Silver
CUST_0149,46.0,Female,94918.0,39.0,"[8061, 4736, 845, 7566, 2333, 6795]",2023-12-26,Silver
CUST_0150,43.0,Female,63143.0,60.0,"[9675, 8065, 3721, 7927, 237, 5412, 4602]",2023-03-28,Regular
CUST_0151,43.0,Male,60966.0,28.0,"[5887, 8241, 9408, 1172, 2414]",2023-01-26,Regular
CUST_0152,44.0,Male,77031.0,97.0,[6233],2023-07-25,Regular
CUST_0153,31.0,Male,55024.0,54.0,"[3347, 6139, 6511, 6390, 4696, 7040, 6527, 1255, 548]",2023-11-13,Regular
CUST_0154,42.0,Female,74526.0,37.0,[3113],2023-08-08,Regular
CUST_0155,43.0,Male,81491.0,9.0,"[1249, 2424, 5421, 3947, 3773, 9498, 6995, 5447]",2023-11-04,Regular
CUST_0156,31.0,Male,88403.0,82.0,"[7448, 1629, 4207, 1080, 4944, 4140, 9520, 423, 3768, 4489]",2023-05-14,Regular
CUST_0157,62.0,Female,68497.0,56.0,"[8568, 1083, 6888, 5490]",2023-03-18,Gold
CUST_0158,45.0,Female,66944.0,,"[699, 2831, 9685, 9495, 8259, 1007]",2023-02-15,Regular
CUST_0159,25.0,Female,56830.0,85.0,"[6452, 6011, 311, 7889]",2023-07-08,Regular
CUST_0160,47.0,Male,57596.0,2.0,"[9889, 7891, 2131, 8315]",2023-03-29,Regular
CUST_0161,28.0,Male,66602.0,61.0,"[2150, 2237, 8709, 3352, 1560, 9015, 128, 8598, 1532]",2023-10-18,Regular
CUST_0162,49.0,Female,75510.0,58.0,"[5448, 8005, 1188]",2023-03-02,Regular
CUST_0163,53.0,Female,83703.0,60.0,[1404],2023-01-08,Gold
CUST_0164,30.0,Male,57952.0,40.0,"[7920, 2455, 3305, 1825, 618, 7443]",2023-09-27,Silver
CUST_0165,51.0,Male,92390.0,36.0,"[1225, 729, 4537, 3684, 5977, 4574, 2293, 6189, 7299]",2023-08-11,Regular
CUST_0166,44.0,Female,65933.0,37.0,"[3086, 6469, 408, 9986, 8488, 4320, 1168, 7152, 4491]",2023-08-21,Regular
CUST_0167,49.0,Female,69679.0,79.0,"[3288, 1568]",2023-12-11,Regular
CUST_0168,62.0,Male,58791.0,92.0,"[2822, 6367, 5528]",2023-09-11,Silver
CUST_0169,37.0,Female,33636.0,18.0,"[3870, 6014, 3019, 5104, 4358, 7951]",2023-03-02,Regular
CUST_0170,30.0,Male,83260.0,98.0,"[8542, 6544]",2023-04-25,Regular
CUST_0171,29.0,Male,81052.0,63.0,"[7236, 2228, 4570, 2362, 3455, 4589, 4218, 1041, 4324]",2024-01-01,Regular
CUST_0172,30.0,Male,65780.0,22.0,"[3805, 1611, 9237, 764, 8334]",2023-04-15,Regular
CUST_0173,39.0,Male,483346.0,11.0,"[4375, 7471]",2023-04-08,Regular
CUST_0174,44.0,Female,77739.0,58.0,"[8136, 5608, 5906, 5659, 3363, 1310]",2023-05-17,Gold
CUST_0175,43.0,Female,46561.0,57.0,"[8748, 9417, 4287, 9166, 609, 2947]",2023-05-28,Regular
CUST_0176,49.0,Male,62064.0,77.0,"[3581, 5821, 2206, 6601, 2320]",2023-09-11,Regular
CUST_0177,40.0,Male,81913.0,4.0,"[3566, 5607]",2023-07-15,Regular
CUST_0178,57.0,Male,51185.0,86.0,"[7649, 5783]",2023-03-08,Silver
CUST_0179,36.0,Male,74403.0,7.0,"[8467, 9748, 8202, 6174, 6462, 359, 9297]",2023-08-09,Gold
CUST_0180,72.0,Male,49651.0,61.0,"[386, 2805, 7647, 9223, 3575]",2023-04-16,Regular
CUST_0181,47.0,Female,76996.0,54.0,"[8711, 5706, 4067]",2023-11-04,Silver
CUST_0182,29.0,Female,69465.0,88.0,"[7435, 9720, 1008]",2023-04-21,Regular
CUST_0183,27.0,Female,45773.0,68.0,"[2229, 4256, 3474, 3763, 7243, 7790, 5719, 941, 620]",2023-05-25,Regular
CUST_0184,45.0,Female,87471.0,92.0,"[7568, 592, 907]",2023-12-13,Regular
CUST_0185,37.0,Male,58981.0,79.0,"[6653, 4908, 4476, 2804, 7573, 1226, 4356, 2904]",,Regular
,48.0,Male,57846.0,1.0,"[4917, 6704, 549, 4013, 6033, 176, 3084, 2191, 1458, 2629]",2023-08-03,Regular
CUST_0187,45.0,Male,73008.0,55.0,"[1287, 5024, 4363, 1378, 5372, 2378]",2023-04-03,Regular
CUST_0188,39.0,Male,87229.0,,"[8350, 8081, 813, 8631, 518, 285, 9219, 8634, 5800]",2023-07-29,Regular
CUST_0189,29.0,Male,54762.0,78.0,"[4103, 6437, 2966, 4109, 9665, 1801, 9481, 4654, 6927, 3682]",2023-03-16,Gold
CUST_0190,21.0,Female,70925.0,38.0,"[8460, 2508, 5929, 5287, 4018, 3171, 3461]",2023-01-15,Regular
CUST_0191,34.0,Male,76432.0,1.0,"[7813, 856, 6368, 5352, 2019, 7784]",2023-05-29,Regular
CUST_0192,50.0,Female,80396.0,38.0,"[7301, 8207, 8168, 2439, 1549, 2052]",2023-05-15,Regular
CUST_0193,42.0,Female,72646.0,85.0,"[1613, 7615, 845, 9517, 6316, 4693, 5680, 5836, 6843, 8832]",2023-05-01,Silver
CUST_0194,25.0,Female,64494.0,29.0,"[3299, 9712, 3229, 4453, 4742, 6350, 7983, 5955, 3584, 834]",2023-11-13,Regular
CUST_0195,42.0,Female,57586.0,5.0,"[4573, 663, 8333, 859, 8656, 8567, 6188, 5119]",2023-08-19,Regular
CUST_0196,44.0,Male,71292.0,74.0,"[5845, 9546, 7415, 506, 9099, 5759, 1963, 6089]",2023-05-08,Gold
CUST_0197,29.0,Female,53917.0,92.0,"[1593, 712, 1124, 9001, 3500, 7171, 5095, 1808, 2552]",2023-07-09,Regular
,41.0,Female,26179.0,21.0,"[9910, 5288, 6137, 3702, 9187, 3935, 7767, 6821]",2023-10-26,Regular
CUST_0199,40.0,Female,76548.0,71.0,[7913],2023-12-17,Silver
CUST_0200,26.0,Male,83559.0,67.0,"[752, 1035, 6815, 2913, 7264, 6599]",2023-11-28,Regular
CUST_0201,44.0,Male,34556.0,47.0,"[8745, 3400, 5869, 1500, 3563, 9680, 7014, 3980, 5990, 9386]",2023-08-23,Regular
CUST_0202,46.0,Male,54854.0,84.0,"[5633, 6470, 3351, 1365, 7058]",2023-02-13,Regular
CUST_0203,52.0,Female,79287.0,83.0,"[1025, 6737, 5134, 280, 3157, 9516, 3483, 7684, 2000]",2023-01-06,Regular
CUST_0204,52.0,Female,100862.0,35.0,"[1633, 3028, 7902]",2023-08-29,Regular
CUST_0205,23.0,Male,70311.0,68.0,"[7731, 8367, 8848, 473, 3433, 7686, 1397, 3829, 1706]",2023-03-10,Regular
CUST_0206,28.0,Female,59079.0,69.0,"[8109, 1738, 4432, 4167, 6795, 2451, 4497, 2920, 7510, 4544]",2023-06-15,Regular
CUST_0207,46.0,Male,67256.0,1.0,"[2467, 9659, 7865, 9049, 2020, 6815, 5747, 4461, 7717]",2023-12-21,Regular
CUST_0208,46.0,Male,90623.0,68.0,"[5078, 4244, 1704, 2077, 6086, 8742, 616]",2023-07-23,Silver
CUST_0209,46.0,Female,462370.0,12.0,"[8753, 5589, 1115, 8474, 8526, 2922, 7654, 2800]",2023-12-18,Regular
CUST_0210,86.0,Female,58012.0,60.0,"[1558, 4430, 9469, 2298, 4566, 3560, 364, 627, 5069]",2023-04-19,Regular
CUST_0211,46.0,Female,62758.0,27.0,"[3923, 907, 2322, 3254]",2024-01-01,Silver
CUST_0212,53.0,Female,55700.0,56.0,"[8407, 6534]",2023-07-16,Regular
CUST_0213,51.0,Male,71840.0,23.0,"[1462, 2940, 8314]",2023-12-29,Regular
CUST_0214,47.0,Male,94370.0,25.0,"[7612, 4744, 6191]",2023-08-05,Gold
CUST_0215,36.0,Male,74846.0,21.0,"[288, 2234]",2023-11-02,Regular
CUST_0216,49.0,Male,66214.0,61.0,"[5533, 7299, 5324]",2023-05-12,Regular
CUST_0217,30.0,Male,65622.0,63.0,"[7784, 2452]",2023-02-07,Silver
CUST_0218,37.0,Female,46552.0,52.0,"[572, 4256]",2023-02-18,Regular
CUST_0219,34.0,Male,83246.0,88.0,"[4625, 1197, 9060, 6007, 262, 5202, 2495, 1521, 4349, 6186]",2023-10-13,Regular
CUST_0220,40.0,Male,68832.0,25.0,"[5749, 1954, 6715, 5282]",2023-01-31,Regular
CUST_0221,67.0,Male,67292.0,55.0,"[770, 5307, 5122, 9884, 5586, 3965]",2023-01-27,Regular
CUST_0222,17.0,Female,117896.0,46.0,"[530, 3930, 3795, 7498, 3635, 768, 2487, 6605]",2023-06-20,Regular
CUST_0223,48.0,Female,74481.0,32.0,"[7737, 7378]",2023-05-01,Gold
CUST_0224,20.0,Female,58723.0,55.0,"[1420, 3587, 3451, 6463, 8320, 6878]",2023-08-30,Regular
CUST_0225,34.0,Female,63604.0,96.0,"[6354, 8133, 724, 7784, 4631, 3005, 533, 2074]",2023-07-01,Silver
CUST_0226,53.0,Male,87226.0,5.0,[3224],2023-11-07,Regular
CUST_0227,40.0,Male,71699.0,36.0,"[5202, 9892, 5476, 2607, 7557]",2023-12-10,Silver
CUST_0228,27.0,Female,48425.0,49.0,"[2932, 8635, 573, 6591]",2023-11-03,Silver
CUST_0229,31.0,Female,83788.0,58.0,"[1332, 3743, 8905, 7458, 8956]",2023-12-30,Regular
CUST_0230,48.0,Male,59977.0,39.0,"[3456, 1949, 6951, 3736, 7993, 2740, 917]",2023-01-24,Regular
CUST_0231,31.0,Male,98099.0,80.0,"[881, 6064, 8241, 5500, 3279, 892, 6643]",2023-01-03,Regular
CUST_0232,42.0,Female,86200.0,97.0,"[4514, 7204, 1749, 4494, 4526]",2023-05-10,Regular
CUST_0233,40.0,Female,63290.0,85.0,"[6187, 4405, 6430, 7935, 667, 6744]",2023-09-16,Silver
CUST_0234,32.0,Female,89215.0,61.0,"[3696, 8030, 6826, 9532, 1513, 6114, 7834]",2023-11-14,Silver
CUST_0235,65.0,Female,71017.0,9.0,[1349],2023-07-15,Regular
CUST_0236,47.0,Male,82791.0,6.0,"[7807, 3726, 3890, 5715]",2023-06-04,Regular
CUST_0237,15.0,Male,77270.0,35.0,"[1619, 4554, 3772, 4494, 861, 1463, 3732, 3212, 2859, 9609]",2023-07-22,Regular
CUST_0238,42.0,Male,57304.0,39.0,[7383],2023-12-10,Regular
CUST_0239,32.0,Female,60346.0,22.0,"[5225, 9144, 1265, 7772, 7069, 2224, 6157, 6970]",2023-07-09,Regular
CUST_0240,50.0,Female,85449.0,41.0,"[2081, 1443, 833, 1809, 7162, 9972, 8124, 9678]",2023-03-09,Silver
CUST_0241,30.0,Male,64978.0,5.0,"[6711, 7124, 5544, 2974, 3069, 1659]",2023-10-14,Gold
CUST_0242,38.0,Male,63945.0,42.0,"[7957, 5136, 1301]",2023-01-22,Regular
CUST_0243,46.0,Male,55673.0,87.0,"[7941, 2443, 4990, 3672]",2023-10-25,Regular
CUST_0244,50.0,Male,76353.0,81.0,"[3752, 8056, 5561, 6158, 953, 3161, 9995, 7216, 5304, 7714]",2023-04-02,Regular
CUST_0245,25.0,Female,100937.0,76.0,"[830, 9726, 6459, 4554, 6833, 3510, 8791, 7824, 6433, 1901]",2023-05-14,Regular
CUST_0246,35.0,Male,,87.0,"[4382, 9116, 648]",2023-03-28,Regular
CUST_0247,34.0,Male,70363.0,80.0,"[5229, 3110]",2023-09-15,Regular
CUST_0248,32.0,Male,91183.0,67.0,"[3294, 7122, 3525]",2023-09-10,Silver
CUST_0249,61.0,Male,68805.0,30.0,"[8959, 8474, 2580, 6387, 5553, 1339, 3097, 5381, 5075]",2023-06-23,Regular
CUST_0250,44.0,Male,76785.0,57.0,"[5958, 5848, 1794]",2023-08-28,Regular
CUST_0251,24.0,Male,54064.0,86.0,"[7234, 6090, 8441, 5679, 8269, 380, 550, 6450, 5810, 6546]",2023-03-09,Gold
CUST_0252,51.0,Male,76424.0,73.0,"[4224, 6426, 5030, 6308, 2967, 9570, 4881, 8066, 6881, 3044]",2023-02-15,
CUST_0253,65.0,,67192.0,29.0,"[6917, 1664]",2023-06-12,Regular
CUST_0254,52.0,Female,84785.0,37.0,"[4894, 2119, 6105, 3194, 7211, 7368, 8621]",2023-12-30,Regular
CUST_0255,21.0,Female,87810.0,87.0,"[1394, 3768, 5660, 3259, 4718, 2747, 2554]",2023-09-29,Regular
CUST_0256,34.0,Female,108843.0,13.0,"[600, 9459]",2023-08-10,Silver
CUST_0257,55.0,Male,78694.0,32.0,"[4239, 9630, 9032, 8153, 9344, 7239, 1979, 1677, 9960, 4721]",2023-03-14,Silver
CUST_0258,31.0,Female,74886.0,46.0,"[5023, 991, 3993, 4626, 2483]",2023-05-14,Regular
CUST_0259,45.0,Female,72915.0,23.0,"[3593, 600, 4999, 8835, 6577, 4758, 5413, 8487, 4366, 8836]",2023-03-01,Regular
CUST_0260,49.0,Male,64702.0,45.0,"[7662, 3722, 4065, 5745, 2027, 5576]",2023-06-10,Silver
CUST_0261,28.0,Male,75077.0,17.0,"[3924, 4558]",2023-01-23,Regular
CUST_0262,39.0,Female,65568.0,85.0,"[2869, 9891, 6835, 1276, 9753, 3999, 7969, 3456, 9395]",2023-03-07,Regular
CUST_0263,1.0,Female,72526.0,66.0,"[2070, 5140, 5050]",2023-09-13,Regular
CUST_0264,27.0,Male,89763.0,6.0,[485],2023-05-24,Regular
CUST_0265,36.0,Female,54901.0,18.0,"[8059, 5241, 1574, 8942, 1483, 9320]",,Regular
CUST_0266,25.0,Male,87098.0,94.0,"[1708, 9907, 7419, 3062, 3430, 8300]",2023-08-09,Silver
CUST_0267,59.0,Male,89756.0,22.0,"[4949, 5672, 4801, 264, 3379, 1185, 4223, 3146, 8997]",2023-05-25,Gold
CUST_0268,22.0,Male,68228.0,33.0,[6009],2023-05-15,Regular
CUST_0269,34.0,Male,38172.0,30.0,"[9673, 7850, 7784, 5818, 7241]",2023-11-10,Regular
CUST_0270,41.0,Female,60882.0,81.0,"[4856, 5289, 7239, 7768, 3863, 8234, 2497, 5768, 7035, 1988]",2023-05-16,Regular
CUST_0271,57.0,Male,89454.0,32.0,"[3205, 1599, 6935, 4162, 7772, 9213, 8740, 7384]",2023-09-22,Regular
CUST_0272,22.0,Male,69656.0,42.0,[7087],2023-06-10,Regular
CUST_0273,53.0,Female,55010.0,78.0,"[2152, 3317, 6656, 5302, 3206, 1814, 9130, 3489, 3607]",2023-08-12,Gold
CUST_0274,40.0,Male,62428.0,10.0,"[6139, 2003, 2540, 5625, 2326]",2023-03-26,Regular
CUST_0275,28.0,Female,82609.0,36.0,"[7734, 7078, 6933, 4941, 4850]",2023-06-11,Regular
,,Female,78201.0,34.0,"[9343, 7974, 2807, 1306, 6798, 3858, 9803, 8201, 9550]",2023-09-09,Regular
CUST_0277,42.0,Female,66416.0,73.0,"[2975, 2947, 7169]",2023-03-19,Silver
CUST_0278,32.0,Male,64497.0,28.0,"[9247, 6594, 7498, 2218, 8296, 2784]",2023-10-12,Silver
CUST_0279,40.0,Female,64123.0,11.0,"[6992, 1459, 6195, 5909, 2500, 6731, 5357, 6415, 619]",2023-12-03,Gold
CUST_0280,35.0,Female,56163.0,78.0,"[3369, 4776, 6843, 1460, 9648, 9781, 1663]",2023-11-22,Silver
CUST_0281,41.0,Male,94230.0,39.0,"[4826, 2074, 9642, 3279, 6494, 9088, 985, 5783]",2023-08-14,Regular
CUST_0282,47.0,Female,,47.0,"[7412, 8518, 469, 9222, 4237, 8392, 9345, 459, 8378]",2023-01-28,Regular
CUST_0283,59.0,Female,88257.0,19.0,"[1944, 7515, 8735, 2965, 470, 3054, 6067, 9291]",2023-04-07,Regular
CUST_0284,25.0,Female,92819.0,15.0,"[2917, 9892, 5478, 4989, 9391, 8525]",2023-03-18,Regular
CUST_0285,65.0,Female,84974.0,28.0,"[2801, 8107, 3373, 7338, 6518, 7214, 239, 3437]",2023-01-28,Regular
CUST_0286,16.0,Female,63525.0,24.0,"[5721, 7597, 1837, 8575, 8980]",2023-04-28,Regular
CUST_0287,38.0,Male,76055.0,72.0,"[5201, 958, 6725, 1929, 1492, 3303, 2555]",2023-04-04,Regular
CUST_0288,47.0,Female,69637.0,9.0,"[3897, 4522, 2743, 3363, 5866]",2023-01-19,Regular
CUST_0289,43.0,Female,56444.0,47.0,"[213, 6571, 6958, 715, 1270, 3137, 4113, 5074, 8961, 7065]",2023-08-29,Regular
CUST_0290,32.0,Male,74865.0,33.0,"[6933, 6423, 9412, 3738, 2286]",2023-05-14,Silver
CUST_0291,37.0,Male,52314.0,62.0,"[4834, 4604, 9889]",2023-03-25,Regular
CUST_0292,34.0,Male,87815.0,97.0,"[4216, 5537, 4761, 5421, 6674, 2262]",2023-12-28,Regular
CUST_0293,32.0,,63030.0,19.0,"[6835, 5998, 7894, 5302]",2023-08-28,Regular
CUST_0294,50.0,Male,73017.0,67.0,"[7067, 873, 5685, 711, 5521, 5104, 5769, 1583, 3348]",2023-08-12,Regular
CUST_0295,44.0,Female,74249.0,74.0,"[4474, 6834, 7197, 4939, 8999, 4510, 650, 1406, 4212]",2023-03-01,Regular
CUST_0296,31.0,Female,66116.0,40.0,"[671, 4677, 8088, 7260, 4019, 8182, 7483, 5825, 548, 3510]",2023-09-11,Regular
CUST_0297,50.0,Male,78800.0,47.0,"[5457, 696]",2023-01-21,Regular
CUST_0298,43.0,Male,62876.0,65.0,"[9862, 4773]",2023-08-15,Regular
CUST_0299,49.0,Female,83069.0,29.0,"[4147, 7712, 7681, 9785, 6494]",2023-07-02,Regular
CUST_0300,47.0,Male,49810.0,50.0,"[3807, 8924, 4540, 9179, 3837, 894, 9645]",2023-12-30,Regular
CUST_0301,30.0,Female,71895.0,98.0,"[1416, 8616, 1274, 9929, 3991, 1360, 9789, 8364, 7586]",2023-10-15,Regular
CUST_0302,33.0,Male,99083.0,13.0,"[4683, 7219, 4298, 3854, 2373]",2023-09-06,Regular
CUST_0303,48.0,Male,54995.0,1.0,"[3526, 2828, 9380, 7277, 1217, 8113, 4250, 7683]",2023-08-23,Regular
CUST_0304,47.0,Male,59833.0,34.0,[2482],2023-09-10,Regular
CUST_0305,39.0,Female,77708.0,93.0,"[1098, 432]",2023-02-27,Regular
CUST_0306,41.0,Male,72693.0,48.0,"[6753, 8734, 2522, 537, 4445, 5443, 7568, 7783, 1487, 9935]",,Regular
CUST_0307,55.0,Female,75259.0,77.0,"[8176, 7342, 3257, 6019]",2023-03-05,Regular
CUST_0308,32.0,Female,77337.0,48.0,"[2445, 8774, 9858, 5260, 4194, 2824]",2023-06-28,Regular
CUST_0309,46.0,Female,79520.0,49.0,"[9490, 8809, 9124, 6297, 4329, 5006, 9725, 9421, 6746]",2023-02-17,Silver
CUST_0310,37.0,Female,86645.0,64.0,"[3255, 4221, 1577, 3826, 7568, 4787, 8508, 3077, 7105]",2023-04-15,Silver
CUST_0311,37.0,Male,76147.0,61.0,"[9155, 5667, 9681, 5617, 1427, 2504, 2113, 6502]",2023-05-26,Silver
CUST_0312,53.0,Female,66381.0,29.0,"[8486, 1015, 7273, 1985, 2757, 6769, 6068, 8748]",,Regular
CUST_0313,49.0,Female,80088.0,39.0,"[8066, 5917, 6747, 2248]",2023-03-28,Regular
CUST_0314,49.0,Male,98498.0,88.0,"[8707, 3396, 9574, 251]",2023-09-18,Regular
CUST_0315,55.0,Female,68010.0,26.0,"[9624, 1261, 9995, 4841]",2023-05-20,Regular
CUST_0316,40.0,Male,55382.0,17.0,"[6986, 7067, 4026, 2469]",2023-10-16,Regular
CUST_0317,48.0,Female,86606.0,71.0,"[7777, 3868, 5383, 3656, 2689, 5176]",2023-12-06,Regular
CUST_0318,36.0,Male,68194.0,13.0,"[4713, 8047, 7251, 7640, 3270, 2110, 3197, 552]",2023-10-27,Gold
CUST_0319,43.0,Female,37409.0,69.0,"[7438, 260, 5577, 5881]",2023-04-19,Regular
CUST_0320,38.0,Male,82711.0,26.0,"[3022, 2042, 2377, 5740, 2532, 5551, 9440]",2023-10-26,Silver
CUST_0321,41.0,Female,61970.0,49.0,"[2647, 8233, 9668, 6452, 4956, 1765]",2023-01-03,Regular
CUST_0322,47.0,Female,68642.0,67.0,"[1775, 7231, 4934, 9177, 5467, 6453]",2023-09-27,Regular
CUST_0323,30.0,Male,74979.0,7.0,[5287],2023-10-20,Regular
CUST_0324,65.0,Male,72857.0,58.0,"[9457, 6715]",2023-04-03,Regular
CUST_0325,27.0,Male,80641.0,49.0,[4182],2023-08-02,Silver
CUST_0326,25.0,Male,63467.0,53.0,"[772, 1595, 2265, 4614]",2023-02-09,
CUST_0327,53.0,Female,77696.0,65.0,[6216],2023-05-07,Regular
CUST_0328,49.0,Female,66106.0,62.0,"[9136, 6626, 255, 5368, 4172, 265, 7249, 5403, 2938, 5071]",2023-09-13,Silver
CUST_0329,47.0,Male,81082.0,17.0,"[8081, 9106, 1159, 1053, 1574, 2000, 5311]",2023-12-13,Regular
CUST_0330,47.0,Female,79230.0,43.0,"[2746, 4029, 3793, 4119, 5693, 9903]",2023-02-18,Gold
CUST_0331,39.0,Male,55968.0,25.0,"[3069, 8297, 898, 9917]",2023-06-18,Regular
CUST_0332,29.0,Male,86289.0,3.0,[1025],2023-01-14,Regular
CUST_0333,40.0,Female,61960.0,79.0,"[3833, 4812, 6403, 7058, 918, 8468, 6484]",2023-05-26,Regular
CUST_0334,31.0,Female,82120.0,29.0,"[5701, 8593, 1044, 5328, 521, 2193]",2023-12-15,Regular
CUST_0335,51.0,Female,75509.0,32.0,"[4807, 560, 836, 9263, 9003, 5678, 425, 9294, 3213, 9618]",2023-12-15,Regular
CUST_0336,38.0,Female,97572.0,26.0,"[1527, 8224, 8226, 9295, 3062, 5683, 5710, 8509, 6802, 5451]",2023-03-04,Regular
CUST_0337,30.0,Female,66648.0,16.0,"[7580, 1485, 9885, 7269, 5057, 9745, 631]",2023-07-21,Silver
CUST_0338,36.0,Female,64760.0,25.0,"[2398, 852, 6091, 6177, 5996, 9692, 3331]",2023-07-11,Silver
CUST_0339,44.0,Female,69708.0,54.0,"[7857, 4560, 2358, 5575, 3816]",2023-10-30,Regular
CUST_0340,33.0,Male,65452.0,28.0,"[6828, 6640, 948]",2023-02-24,Regular
CUST_0341,30.0,Male,81999.0,73.0,"[3024, 2539, 827, 2752, 3861, 7860, 1627, 3957, 3670, 1006]",2023-06-15,Regular
CUST_0342,42.0,Male,45755.0,56.0,"[4502, 7637, 1112, 964, 4366]",2023-03-20,Regular
CUST_0343,42.0,Male,54194.0,65.0,"[5591, 4139, 359, 3603, 1021, 6020, 3311, 3913, 2989]",2023-01-15,Regular
CUST_0344,33.0,Male,53982.0,93.0,"[7813, 7275, 5639, 9928, 2503, 5258, 6884]",2023-02-11,Regular
CUST_0345,34.0,Female,84254.0,86.0,"[1474, 3081, 4981]",2023-08-24,Regular
CUST_0346,42.0,Male,95659.0,80.0,"[1755, 2832]",2023-12-29,Regular
CUST_0347,22.0,Male,68433.0,41.0,"[4893, 861, 2591, 2541, 6287]",2023-12-04,Gold
CUST_0348,23.0,Male,67467.0,51.0,"[6205, 4632, 1441, 166, 4017, 8431, 3860, 8635, 4458, 4363]",2023-09-03,Regular
CUST_0349,31.0,Male,71050.0,71.0,"[1447, 3274, 9478, 2088, 3210, 9649, 9690, 2985, 6980, 4960]",,Regular
CUST_0350,37.0,Male,87428.0,78.0,"[7841, 3326, 2874, 7880, 3713, 9327, 2078, 9972, 1881, 7699]",2023-11-18,Regular
CUST_0351,43.0,Male,56089.0,29.0,[9534],2023-05-18,Regular
CUST_0352,57.0,Male,73575.0,83.0,"[9435, 2175, 7997, 8329, 784, 8493, 7970, 6762]",2023-11-01,Regular
CUST_0353,50.0,Female,84627.0,19.0,"[6370, 2496, 6620]",2023-12-03,Regular
CUST_0354,38.0,Female,77516.0,66.0,"[7911, 832, 9907, 4844, 4067, 5115, 9211]",2023-01-03,Silver
CUST_0355,39.0,Male,72843.0,41.0,"[5482, 7928, 3659, 8965, 5415, 6417, 941]",2023-06-18,Regular
CUST_0356,27.0,Female,85015.0,45.0,"[6610, 3614, 6505, 538]",2023-01-23,Regular
CUST_0357,39.0,Female,29451.0,15.0,"[9671, 3382, 7982, 1148, 1076, 2297, 7493]",2023-12-02,Gold
CUST_0358,36.0,Female,80168.0,3.0,"[5847, 5794, 4513, 3972, 7746, 5927, 5054, 3515, 343]",2023-11-15,Silver
CUST_0359,43.0,Female,60188.0,11.0,"[3024, 9213]",2023-08-20,Regular
CUST_0360,30.0,Male,42540.0,53.0,"[1249, 9412]",2023-06-16,Regular
CUST_0361,46.0,Female,77668.0,46.0,"[3548, 3496, 7864]",2023-10-19,Regular
CUST_0362,58.0,Female,90604.0,30.0,"[4880, 4814, 4437, 6997, 3257, 3072, 8120, 1239, 8506]",2023-03-08,Regular
CUST_0363,38.0,Female,67938.0,57.0,"[6803, 1727]",2023-04-19,Regular
CUST_0364,44.0,Male,84293.0,18.0,"[5208, 5563, 3376, 4321]",2023-01-25,Regular
CUST_0365,48.0,Male,94184.0,51.0,"[2395, 4109, 1926, 6440, 4378, 389, 6179, 2053]",2023-11-26,Regular
CUST_0366,35.0,Male,89723.0,48.0,"[4352, 144, 2226, 2855, 7067, 7980, 5815, 8015, 5415, 3721]",2023-05-25,Regular
CUST_0367,42.0,Male,94599.0,66.0,"[4629, 2697, 8640, 5324]",2023-06-15,Regular
CUST_0368,40.0,Male,81131.0,96.0,"[6010, 6151, 5911, 3544, 8470, 6211]",2023-01-29,Regular
CUST_0369,41.0,Male,71131.0,8.0,"[9194, 5942, 6753, 3200, 2461]",2023-02-06,Regular
CUST_0370,30.0,Male,45970.0,22.0,"[1912, 6965]",2023-10-08,Regular
CUST_0371,40.0,Female,66309.0,6.0,"[3945, 6004, 5790, 4288, 4918, 5420, 9199, 9313, 1815]",2023-11-05,Regular
CUST_0372,45.0,Female,57351.0,76.0,"[4947, 1488, 3214]",2023-07-15,Regular
CUST_0373,57.0,Female,102564.0,57.0,"[6232, 8668, 9523, 4897, 2031, 3901, 5659, 6565]",2023-02-17,Regular
CUST_0374,51.0,Male,67361.0,36.0,"[6878, 4214, 8414, 4938, 918, 405, 7634]",2023-07-24,Regular
CUST_0375,65.0,Male,71848.0,79.0,"[423, 2325, 2957, 7829, 5699]",2023-05-11,Regular
CUST_0376,30.0,Male,78272.0,92.0,"[5542, 1220, 1230, 7773, 8250, 3731, 8243, 511]",2023-04-02,Regular
CUST_0377,50.0,Male,70654.0,57.0,"[5508, 9898, 1113, 8317, 7538, 3047, 9993, 4552]",2023-05-03,Silver
CUST_0378,42.0,Male,95425.0,49.0,"[8635, 961, 8666, 1262, 8137, 2177]",2023-07-24,Silver
CUST_0379,66.0,Female,60660.0,45.0,"[6922, 8624, 6141, 4338, 6199, 7870, 8153, 8073, 5743, 5369]",2023-02-15,Regular
CUST_0380,30.0,Female,72919.0,82.0,"[5433, 3304, 7070, 2964, 2746, 8594, 9856, 6825, 1042, 9631]",2023-01-11,Regular
CUST_0381,29.0,Male,58862.0,66.0,"[9195, 9925, 8683, 1356, 8674, 2571, 7142]",2023-04-17,Regular
CUST_0382,32.0,Male,50199.0,77.0,"[7638, 6794, 4945, 5816]",2023-03-25,Regular
CUST_0383,14.0,Male,274641.0,45.0,"[6315, 3814, 847, 7966, 7711]",2023-07-18,Regular
CUST_0384,33.0,Male,69444.0,79.0,"[5204, 2854, 9369, 3753, 9507, 3340, 124]",2023-07-26,Gold
CUST_0385,30.0,Female,63560.0,20.0,"[7336, 4638]",2023-05-26,Regular
CUST_0386,41.0,Male,59613.0,64.0,"[8516, 7977, 4037, 9684, 8265, 4997]",2023-11-28,Regular
CUST_0387,44.0,Male,48905.0,93.0,"[8300, 3443, 5821, 5704, 4904, 3503]",2023-12-01,Silver
CUST_0388,62.0,Male,68753.0,93.0,[554],2023-03-20,Gold
CUST_0389,51.0,Male,47429.0,67.0,"[261, 9301, 1664, 4619, 9919, 4335, 9957, 9103]",2023-03-03,Silver
CUST_0390,33.0,Female,81400.0,83.0,"[1673, 9333, 2812, 6580, 2578]",2023-06-02,Regular
CUST_0391,29.0,Male,71236.0,3.0,"[6678, 6524, 612, 6293, 7287, 7576]",2023-09-09,Regular
CUST_0392,45.0,Male,48136.0,,"[6589, 7066, 110, 4820, 1413, 2339, 6831]",2023-08-10,Regular
CUST_0393,24.0,Female,65361.0,78.0,[179],2023-06-08,Regular
CUST_0394,61.0,Female,58717.0,64.0,"[8189, 9882, 4280, 1408, 801, 3892]",2023-12-17,Regular
CUST_0395,54.0,Female,74787.0,40.0,"[1121, 3738]",2023-11-05,Regular
CUST_0396,34.0,Male,90106.0,59.0,"[1457, 7757, 7556, 1418, 9930]",2023-03-09,Gold
CUST_0397,19.0,Male,41872.0,55.0,"[777, 5676, 6142]",2023-07-03,Regular
CUST_0398,56.0,Female,71725.0,62.0,"[4456, 7252, 6317]",2023-12-07,Regular
CUST_0399,38.0,Female,67598.0,4.0,"[9206, 6199, 4479]",2023-02-19,Regular
CUST_0400,54.0,Female,80070.0,60.0,"[958, 1094, 7549, 5936]",2023-07-08,Regular
CUST_0401,20.0,Female,73197.0,75.0,"[3580, 4350, 7931, 2553, 6481, 2556, 6049]",2023-09-20,Regular
CUST_0402,32.0,Female,58720.0,95.0,"[2920, 9418, 365, 8485, 8770, 2133, 6108, 1967, 3978, 6497]",2023-04-13,Regular
CUST_0403,40.0,Female,65214.0,96.0,"[4999, 1216, 5045, 5979]",2023-09-08,Regular
CUST_0404,40.0,Male,58059.0,91.0,"[8898, 219, 3674, 3233, 3929, 8405, 4266, 5508, 1810]",2023-08-17,Silver
CUST_0405,34.0,Male,86140.0,30.0,"[9549, 7726, 265, 768, 2695, 494, 698, 7913]",2023-07-18,Regular
CUST_0406,47.0,Male,70319.0,2.0,"[2936, 7155, 7694, 4293, 4082, 6441, 5422, 1611, 927]",2023-09-01,Gold
CUST_0407,27.0,Female,98517.0,62.0,"[5161, 2111]",2023-05-18,Regular
CUST_0408,38.0,Female,69090.0,49.0,"[5410, 3968, 6379]",2023-10-16,Regular
CUST_0409,41.0,Female,59373.0,9.0,"[3170, 4431]",2023-11-04,Regular
CUST_0410,46.0,Female,47294.0,92.0,"[673, 953, 4401, 4588]",2023-08-05,Regular
CUST_0411,48.0,Female,42952.0,31.0,"[644, 6694, 6614, 1838, 225, 1458, 212, 5014, 3532, 5220]",2023-02-16,Regular
,26.0,Female,46237.0,98.0,"[1752, 1356, 7833, 2760, 8875]",2023-08-05,Regular
CUST_0413,21.0,Male,74006.0,61.0,[3416],2023-07-08,Silver
CUST_0414,55.0,Male,77630.0,79.0,"[2792, 732, 7152, 5808, 862, 4606, 3665]",2023-11-11,Silver
CUST_0415,43.0,Female,46282.0,48.0,"[8607, 1752, 1657, 7755, 8953, 6773, 1241, 7433]",2023-04-06,Regular
CUST_0416,31.0,Male,83425.0,25.0,[535],2023-08-11,Silver
CUST_0417,58.0,Female,62754.0,36.0,[2521],2023-11-19,Regular
CUST_0418,41.0,Male,72201.0,8.0,"[3703, 9210, 1871, 9607, 450, 8050, 7168, 6591]",2023-08-07,Silver
CUST_0419,54.0,Female,94183.0,73.0,"[3285, 4220, 7230, 2785]",2023-02-17,Regular
CUST_0420,40.0,Female,83452.0,58.0,"[5758, 1282]",2023-01-21,Regular
CUST_0421,64.0,Male,65972.0,45.0,[1875],2023-09-20,Silver
CUST_0422,61.0,Male,56632.0,62.0,"[9815, 9545, 782, 4704, 2894, 8463, 3340, 5575, 178]",2023-06-24,Regular
CUST_0423,37.0,Female,37722.0,39.0,"[2986, 7866, 7421, 2501]",2023-08-26,Silver
CUST_0424,51.0,Female,59212.0,96.0,"[5957, 4984, 7748, 2034, 9014, 7628]",2023-12-13,Regular
CUST_0425,47.0,Male,66833.0,58.0,"[1590, 9330, 336, 5461]",2023-04-25,Regular
CUST_0426,56.0,Male,55192.0,81.0,[9514],2023-11-28,Regular
CUST_0427,28.0,Female,68031.0,99.0,[7613],2023-12-18,Regular
CUST_0428,48.0,Male,71152.0,83.0,"[8505, 7299, 1129, 5345, 2457, 4971, 692]",2024-01-01,Regular
CUST_0429,52.0,Female,66627.0,64.0,"[7145, 1020, 9220]",2023-03-21,Silver
CUST_0430,18.0,Female,60249.0,44.0,"[4189, 8966, 4638, 7504, 5849, 5103, 6408, 4004, 5959]",2023-09-11,Regular
CUST_0431,25.0,Female,72529.0,29.0,[4406],2023-09-27,Silver
CUST_0432,15.0,Female,76629.0,59.0,"[2444, 2683, 3218]",2023-11-19,Silver
CUST_0433,36.0,Male,53644.0,71.0,"[7037, 7379, 3248, 2792, 839, 2106, 7821]",2023-11-28,Regular
CUST_0434,48.0,Male,91163.0,92.0,"[1178, 1146, 4550, 3208, 1295, 3647, 7726, 4573, 4687, 8539]",2023-09-26,Silver
CUST_0435,58.0,Male,68521.0,9.0,"[1660, 6891]",2023-02-12,Gold
CUST_0436,40.0,Male,70282.0,92.0,"[499, 8375, 3345, 1003, 2557, 3621, 5183, 6804, 2675, 9907]",2023-05-29,Silver
CUST_0437,59.0,Male,80623.0,6.0,[9525],2023-08-28,Silver
CUST_0438,23.0,Male,73498.0,29.0,"[5603, 5546, 1037, 1108, 7958, 1302, 710, 7831]",2023-08-12,Gold
CUST_0439,19.0,Male,84297.0,58.0,"[1394, 8254, 3785, 6339]",2023-02-10,Regular
CUST_0440,39.0,Female,74306.0,17.0,"[5865, 2662]",2023-09-02,Regular
CUST_0441,44.0,Male,60813.0,16.0,"[315, 738]",2023-06-03,Silver
CUST_0442,39.0,Male,75422.0,87.0,"[8112, 1010, 8488, 8107, 1313, 9428, 601, 9248]",2023-03-18,Regular
CUST_0443,15.0,Female,52844.0,95.0,"[8234, 4010, 391, 6863, 1810, 2225, 1952]",2023-03-07,Regular
CUST_0444,38.0,Male,71628.0,3.0,"[4515, 1571, 6179, 6208, 6508]",2023-12-17,Regular
CUST_0445,24.0,Male,69501.0,21.0,"[4178, 5551, 703, 2869, 1458, 2074, 8858, 5305]",2023-06-03,Silver
CUST_0446,48.0,Female,66878.0,64.0,"[7968, 9895, 7840, 3655, 5490, 4898, 9135, 5073, 3944]",2023-05-08,Regular
CUST_0447,44.0,Male,68071.0,90.0,"[358, 6011, 390]",2023-09-25,Gold
CUST_0448,28.0,Male,41772.0,36.0,"[680, 9916, 5341, 7691, 9996]",2023-08-07,Regular
CUST_0449,33.0,Male,61769.0,86.0,"[1091, 6602, 2738]",2023-06-01,Regular
CUST_0450,27.0,Female,71392.0,62.0,[7664],2023-10-19,Regular
CUST_0451,39.0,Male,72397.0,42.0,"[5799, 9828, 3945, 9358]",2023-01-25,Regular
CUST_0452,51.0,Male,54584.0,76.0,"[1843, 5965, 8081]",2023-10-10,Regular
CUST_0453,28.0,Female,88985.0,42.0,"[9148, 379, 7035, 9480, 5679, 5674]",2023-02-09,Gold
CUST_0454,46.0,Male,57007.0,61.0,"[8383, 8122, 9706, 5467]",2023-01-24,Silver
CUST_0455,33.0,Female,84541.0,13.0,"[4955, 993, 2402]",2023-09-20,Regular
CUST_0456,30.0,Female,76407.0,11.0,"[297, 4832, 3384, 6179]",2023-02-25,Regular
CUST_0457,,Male,60306.0,54.0,"[3473, 1856, 8044]",2023-09-19,Silver
CUST_0458,27.0,Female,96629.0,16.0,"[689, 1562, 7076, 1502, 1198, 5310]",2023-08-06,Gold
CUST_0459,33.0,Female,52095.0,8.0,"[9609, 3798, 9425, 4016, 1100, 3087]",2023-07-31,Regular
CUST_0460,25.0,Male,83787.0,59.0,"[9761, 7350, 4424]",2023-02-18,Regular
CUST_0461,63.0,Female,85008.0,57.0,"[6526, 1824, 9690, 6966, 9295, 7891, 2310, 5930]",2023-08-26,Regular
CUST_0462,40.0,Female,59940.0,40.0,"[3846, 7366, 3015]",2023-12-05,Silver
CUST_0463,31.0,Male,491059.0,59.0,"[7315, 9493, 9492]",2023-10-19,Regular
CUST_0464,42.0,Male,66249.0,2.0,"[8522, 7731, 5718, 1902, 3250, 8107, 6152]",2023-05-10,Regular
CUST_0465,38.0,Male,74330.0,94.0,"[1130, 5012, 3378, 870, 3533, 3263, 6398, 9634, 8234, 6733]",2023-07-01,Regular
CUST_0466,37.0,Female,73904.0,94.0,"[4521, 2725, 2570, 771, 2640, 1169]",2023-05-11,Silver
CUST_0467,47.0,Male,67985.0,76.0,[576],2023-10-27,Regular
CUST_0468,49.0,Female,82162.0,10.0,"[7352, 9694, 8857, 4981, 3849, 5505, 1104, 4846]",2023-02-11,Regular
CUST_0469,33.0,Female,81902.0,44.0,"[6544, 6902, 1710, 829, 8473, 3019, 3255, 9521, 834, 1784]",2023-09-15,Regular
CUST_0470,33.0,Female,43772.0,11.0,"[1692, 842, 9424, 9782, 3445, 9854, 8942]",2023-01-09,Regular
CUST_0471,36.0,Female,89565.0,79.0,[4370],2023-02-28,Regular
CUST_0472,12.0,Female,45062.0,80.0,"[6112, 4398, 630]",2023-12-05,Silver
CUST_0473,21.0,Female,85488.0,81.0,"[2134, 1980, 7002, 7248, 7326, 2726]",2023-08-25,Silver
CUST_0474,56.0,Female,86900.0,90.0,"[3044, 1049, 3989, 5541, 4960]",2023-04-02,Silver
CUST_0475,59.0,Male,53635.0,2.0,[3672],2023-04-04,Silver
CUST_0476,37.0,Male,63837.0,50.0,"[967, 8256, 6288, 4855, 1060, 2148, 6418]",2023-07-21,Regular
CUST_0477,46.0,Female,53414.0,12.0,"[4788, 1243]",2023-01-24,Silver
CUST_0478,43.0,Female,66776.0,90.0,"[4762, 8959, 2723, 6454, 3936, 3773, 3876]",2023-02-12,Regular
CUST_0479,76.0,Male,65379.0,23.0,"[4513, 2706, 4704]",2023-08-02,Regular
CUST_0480,53.0,Female,81694.0,18.0,"[8387, 5686, 1596, 6995]",2023-12-27,Gold
CUST_0481,38.0,Male,89654.0,62.0,"[948, 3503]",2023-06-02,Regular
CUST_0482,28.0,Male,90935.0,96.0,"[4198, 7588, 2352, 703, 3932, 5273, 9659, 6901, 9369]",2023-06-10,Regular
CUST_0483,20.0,Male,61567.0,62.0,"[8828, 4814, 881, 9037, 7171, 5070, 9014, 8024, 6807, 6240]",2023-10-28,Regular
CUST_0484,42.0,Female,66861.0,38.0,"[9497, 4545]",2023-08-21,Regular
CUST_0485,30.0,Female,44748.0,67.0,"[9724, 8103, 1349]",2023-12-10,Regular
CUST_0486,22.0,Male,57911.0,38.0,"[875, 6862, 2099, 8243, 1563, 5990, 3265]",2023-08-19,Silver
CUST_0487,32.0,Male,84472.0,67.0,"[961, 5608]",2023-11-16,Gold
CUST_0488,27.0,Male,94233.0,94.0,"[3328, 2834, 4635, 8747, 7886, 6268, 5273, 4253, 4202]",2023-05-16,Regular
CUST_0489,60.0,Male,51484.0,61.0,"[5709, 5868, 9651]",2023-06-24,Regular
CUST_0490,50.0,Male,61113.0,1.0,"[9256, 5670]",2023-04-06,Regular
CUST_0491,39.0,Female,69603.0,94.0,"[7878, 8688]",2023-04-19,Silver
CUST_0492,57.0,Male,74202.0,45.0,"[8791, 2714, 6582, 5763, 4783, 1804]",2023-04-05,Regular
CUST_0493,40.0,Female,57855.0,96.0,"[1524, 6125, 6967, 483, 8906, 3381, 2452]",2023-02-10,Regular
CUST_0494,29.0,Male,76360.0,28.0,"[9216, 8980, 300, 8192, 3100, 2875, 4967, 6992]",2023-11-06,Regular
CUST_0495,58.0,Female,62892.0,21.0,"[9727, 2356]",2023-05-13,Regular
CUST_0496,46.0,Female,69783.0,13.0,"[9744, 4486, 8275, 2767, 4226]",2023-12-11,Regular
CUST_0497,27.0,Female,78194.0,27.0,"[1960, 2192]",2023-02-24,Silver
CUST_0498,37.0,Female,70096.0,100.0,"[7435, 7618, 8685, 8228, 5201, 1673, 3180]",2023-08-11,Regular
CUST_0499,29.0,Female,63454.0,7.0,"[4093, 7827, 5290, 5729, 1819, 8764, 2087, 670, 427]",2023-10-01,Regular
CUST_0500,23.0,Female,68355.0,22.0,[9188],2023-01-10,Regular
CUST_0501,51.0,Male,68674.0,74.0,"[2812, 8252, 5100, 6390]",2023-01-03,Silver
CUST_0502,62.0,Female,64449.0,53.0,"[6843, 2495]",2023-07-22,Regular
CUST_0503,23.0,Male,66118.0,79.0,"[5981, 1858, 8717, 5910, 3562, 1718, 8955, 7514]",2023-03-01,Regular
,46.0,Female,93979.0,79.0,"[2922, 3927]",2023-01-07,Regular
CUST_0505,32.0,Female,78413.0,4.0,"[8552, 7820, 2221]",,Regular
CUST_0506,34.0,Male,65567.0,96.0,"[6509, 6809, 2763, 4154]",2023-12-02,Silver
CUST_0507,32.0,Female,80454.0,23.0,[8659],2023-09-02,Regular
CUST_0508,29.0,Male,64992.0,70.0,[4793],2023-08-24,Gold
CUST_0509,40.0,Male,87596.0,88.0,"[6508, 6051, 183]",2023-12-21,Regular
CUST_0510,30.0,Male,75544.0,84.0,"[6122, 9435, 7156, 7122, 2826]",2023-07-27,Silver
CUST_0511,43.0,Male,68390.0,84.0,"[8530, 4644, 2260, 3091, 5254, 6273, 5886]",2023-12-03,Regular
CUST_0512,39.0,Female,76715.0,76.0,[5163],2023-11-05,Silver
CUST_0513,37.0,Female,46436.0,33.0,"[5658, 5978, 2898, 6875, 4869, 3429]",2023-09-07,Regular
CUST_0514,29.0,Male,53098.0,28.0,"[6441, 8628, 2685, 7139, 8934]",2023-06-05,Regular
,33.0,Female,52091.0,8.0,"[1964, 5221, 2478, 662, 8587]",2023-11-13,Silver
CUST_0516,49.0,Female,72144.0,1.0,"[4100, 3263, 1485, 352, 5023, 3026, 9078, 4105, 7393, 5871]",2023-11-12,Regular
CUST_0517,46.0,Male,95987.0,37.0,"[8178, 3497, 7162, 6894, 6419, 4809, 9412, 3649, 3071, 1782]",2023-07-04,Regular
CUST_0518,28.0,Female,103469.0,63.0,"[1893, 1066, 1366, 2660, 8102, 7652, 1912, 6829, 3422]",2023-12-20,Regular
CUST_0519,41.0,Male,79570.0,22.0,"[2300, 2310]",2023-12-11,Regular
CUST_0520,49.0,Male,77512.0,70.0,"[4262, 8879, 3779, 5897, 4691]",2023-12-20,Regular
CUST_0521,19.0,Female,42984.0,21.0,"[4758, 8677]",2023-12-12,Regular
CUST_0522,46.0,Female,61859.0,96.0,"[5845, 6244, 4774, 2025, 1286, 6838, 5345, 4189, 8721, 1592]",2023-07-22,Regular
CUST_0523,32.0,Female,58183.0,35.0,"[3492, 9873, 8939, 9867]",2023-06-04,Silver
CUST_0524,46.0,Male,60687.0,79.0,"[3232, 7185, 7811]",2023-02-14,Regular
CUST_0525,30.0,Male,67477.0,5.0,"[3393, 9867, 3202, 674, 4575, 2172, 7758, 5805]",2023-03-06,Silver
CUST_0526,18.0,Female,62918.0,60.0,"[4946, 7659, 971]",2023-03-11,Gold
CUST_0527,20.0,Female,40310.0,46.0,"[4393, 4351, 4347, 4826, 146, 5384, 7333, 9505, 8930, 7592]",2023-01-08,Regular
CUST_0528,40.0,Female,81218.0,50.0,"[1986, 6799, 6304, 2563, 6965, 3509, 1376, 3897, 5927]",2023-04-08,Regular
CUST_0529,43.0,Female,53908.0,48.0,"[746, 552, 9489]",2023-02-27,Regular
CUST_0530,29.0,Male,73588.0,6.0,"[7305, 6004, 3444, 8890, 9955, 3493, 9023, 3656]",2023-01-09,Regular
CUST_0531,47.0,Female,101111.0,89.0,"[1732, 9078, 8138, 289]",2023-12-23,Gold
CUST_0532,20.0,Male,56209.0,56.0,"[7298, 1398, 7367, 5937]",2023-04-07,Regular
CUST_0533,39.0,Male,32045.0,59.0,"[1319, 7139, 7942]",2023-01-14,Regular
CUST_0534,25.0,Female,65709.0,29.0,"[8777, 2632, 5393, 581, 9947, 6653, 6570]",2023-04-18,Regular
CUST_0535,32.0,Female,86514.0,71.0,[577],2023-09-04,Regular
CUST_0536,40.0,Female,99375.0,77.0,"[4226, 3864]",2023-11-29,Regular
CUST_0537,29.0,Male,51556.0,18.0,"[2602, 7048, 2134, 6888, 192, 4266, 1099, 5251, 6265]",2023-03-16,Regular
CUST_0538,35.0,Female,77450.0,2.0,"[4246, 8996, 5164]",2023-11-29,Gold
CUST_0539,52.0,Female,63020.0,8.0,"[1265, 1228, 1152, 2066, 2077, 2703, 5279, 2096, 7064, 3023]",2023-05-04,Regular
CUST_0540,33.0,Male,68410.0,75.0,[5526],2023-08-12,Regular
CUST_0541,50.0,Female,109665.0,97.0,"[6913, 4858, 2421, 226]",2023-11-17,Silver
CUST_0542,26.0,Male,47455.0,54.0,"[9078, 8368]",2023-10-03,Regular
CUST_0543,46.0,Female,73806.0,38.0,"[1576, 991, 5165, 7263, 1102, 2633, 2388, 9887]",2023-04-08,Gold
CUST_0544,57.0,Male,77015.0,48.0,"[2714, 595, 8150, 8753, 8537]",2023-02-14,Gold
CUST_0545,10.0,Female,86286.0,27.0,"[8035, 3195, 7411, 1040, 7606, 554]",2023-06-04,Silver
CUST_0546,30.0,Female,71469.0,20.0,"[6667, 1788, 3639]",2023-08-26,Silver
CUST_0547,46.0,Male,74620.0,12.0,"[9555, 2756, 7357, 3788, 3492, 1226, 4062, 4619]",2023-03-17,Regular
CUST_0548,37.0,Male,64125.0,43.0,"[6930, 4834, 4275, 8872, 1751, 1411, 7291]",2023-08-31,Gold
CUST_0549,44.0,Female,74036.0,61.0,"[1126, 9121, 4878]",2023-08-05,Regular
CUST_0550,32.0,Male,64852.0,31.0,"[6816, 1894, 3859, 3650, 385, 6876, 8401, 9737, 1393, 9211]",2023-01-12,Silver
CUST_0551,41.0,Male,328535.0,91.0,"[8887, 4462]",2023-03-01,Gold
CUST_0552,38.0,Male,64455.0,96.0,"[2689, 3210]",2023-03-27,Gold
CUST_0553,54.0,Male,75656.0,61.0,"[7698, 5808, 5693, 9781, 6731, 3449, 5278, 7035, 1042]",2023-03-20,Silver
CUST_0554,43.0,Female,69561.0,74.0,"[4871, 6670, 6449, 1571]",2023-12-26,Regular
CUST_0555,44.0,Female,86890.0,67.0,"[8931, 6167, 215, 9350, 5105, 4745, 5008, 1737, 7539]",2023-08-16,Gold
CUST_0556,35.0,Male,69229.0,91.0,"[2484, 9704, 598, 2304, 6468, 4092]",2023-09-06,Regular
CUST_0557,34.0,Male,43404.0,35.0,"[880, 4497, 5773, 971]",2023-08-30,Gold
CUST_0558,34.0,Male,88928.0,95.0,"[4525, 1275, 5023, 6568, 1116, 4182, 5615, 101]",2023-01-11,Regular
CUST_0559,44.0,Male,56414.0,15.0,"[7938, 9635]",2023-08-19,Regular
CUST_0560,34.0,Female,60193.0,16.0,"[8912, 5667, 6580, 4616, 3474]",2023-10-27,Regular
CUST_0561,43.0,Female,61065.0,13.0,[8184],2023-05-05,Regular
CUST_0562,64.0,Male,90616.0,35.0,"[3386, 7697, 6039, 7194, 3696, 4580, 1064, 6623]",2023-04-14,Silver
CUST_0563,50.0,Male,37964.0,75.0,[3479],2023-05-31,Regular
CUST_0564,36.0,Male,117066.0,59.0,"[5522, 3801, 1152, 8979, 4974]",2023-10-19,Regular
CUST_0565,54.0,Female,85840.0,21.0,"[1158, 6147, 1956, 9309, 3989, 4624, 7836]",2023-07-20,Regular
CUST_0566,35.0,Male,73348.0,54.0,"[1166, 4203, 9273, 8390, 5929, 7744]",2023-01-27,Silver
CUST_0567,15.0,Female,69176.0,75.0,"[4628, 5934, 5091, 9642, 142, 7388, 5576, 4384]",,Regular
CUST_0568,27.0,Male,74283.0,30.0,"[4881, 5132, 9219, 1854, 5827, 7331, 1370, 3935, 6045, 8838]",2023-01-05,Regular
CUST_0569,17.0,Female,77816.0,48.0,"[8825, 4244, 6129, 6955, 2557, 4038, 3494, 3012, 8067]",2023-02-22,Regular
CUST_0570,35.0,Male,79678.0,35.0,"[4186, 7030, 7509]",2023-11-19,Regular
CUST_0571,40.0,Female,78334.0,86.0,"[8446, 5523, 3207, 7394, 5580]",2024-01-01,Regular
CUST_0572,60.0,Male,71343.0,38.0,"[2088, 6279, 2976, 3518]",2023-08-10,Regular
CUST_0573,43.0,Male,67039.0,31.0,"[9815, 6535, 9587]",2023-08-01,Regular
CUST_0574,37.0,Male,67730.0,78.0,"[5470, 6405, 7132, 7631, 5666, 5869, 9432, 7130, 6775]",2023-09-11,Gold
CUST_0575,,Female,67076.0,24.0,"[2930, 8488, 8102, 5275, 350, 1538, 6735, 2079, 7526]",2023-10-24,Silver
CUST_0576,13.0,Male,87006.0,49.0,"[9836, 6865, 1549]",2023-11-02,Regular
CUST_0577,42.0,Female,78903.0,96.0,[6936],2023-10-11,Gold
CUST_0578,49.0,Female,25894.0,100.0,"[2119, 5457, 3650, 4580, 6199]",2023-05-29,Regular
CUST_0579,22.0,Male,79838.0,32.0,"[8661, 7449, 5656, 2452, 7864, 8008, 2947, 6678, 9272]",2023-01-19,Regular
CUST_0580,53.0,Male,72921.0,55.0,"[4224, 7902, 6882, 9661, 632, 7462, 2110]",2023-09-07,Regular
CUST_0581,44.0,Male,69719.0,79.0,"[8316, 9123, 7075, 6511, 7575, 5511, 6073, 7783]",2023-07-24,Regular
CUST_0582,35.0,Female,64172.0,58.0,"[3012, 1856, 6858, 1951]",2023-09-06,Regular
CUST_0583,47.0,Male,86861.0,99.0,"[7377, 1281, 502]",2023-09-20,Regular
CUST_0584,67.0,Female,84212.0,3.0,"[5610, 1387, 5881, 2624, 3372]",2023-10-30,Regular
CUST_0585,42.0,Female,58406.0,80.0,"[495, 9293, 6009]",2023-11-10,Silver
CUST_0586,42.0,Male,76105.0,69.0,"[8447, 3081, 7920, 5546, 821, 7106, 5301, 9574, 5254, 7883]",2023-12-14,Regular
CUST_0587,34.0,Male,55425.0,85.0,"[4217, 5416, 1010]",2023-09-07,Regular
CUST_0588,29.0,Male,49305.0,10.0,"[8845, 6667, 3377, 3006]",2023-04-29,Regular
CUST_0589,49.0,Male,60599.0,83.0,"[5351, 9966, 8254, 9813, 187, 6722, 4512, 9054, 6175, 6249]",2024-01-01,Regular
CUST_0590,29.0,Male,82935.0,25.0,[6857],2023-02-01,Regular
CUST_0591,40.0,Male,84296.0,68.0,"[3875, 7982, 1222, 2640, 7267, 344]",2023-09-28,Regular
CUST_0592,34.0,Female,77696.0,61.0,"[8238, 3812, 8047, 4511, 534, 8992, 2005, 5187, 9487]",2023-01-10,Silver
CUST_0593,45.0,Female,80876.0,29.0,"[9719, 7755, 5378]",2023-08-05,Regular
CUST_0594,44.0,Female,77742.0,19.0,"[2186, 6332]",2023-10-23,Regular
CUST_0595,52.0,Male,60377.0,43.0,"[8663, 4299, 1128, 5423]",2023-06-11,Regular
CUST_0596,33.0,Female,76478.0,66.0,"[6500, 9403, 7494, 1622, 4646, 3383, 966]",2023-10-11,Regular
CUST_0597,36.0,Female,82006.0,74.0,[1862],2023-02-02,Regular
CUST_0598,28.0,Female,81314.0,61.0,"[5625, 5792, 2353, 2660, 3941]",2023-05-18,Regular
CUST_0599,34.0,Female,87833.0,43.0,"[4386, 267, 6765, 5394, 6450, 6221, 7584]",2023-11-28,Regular
CUST_0600,44.0,Female,80624.0,25.0,"[550, 8497, 3641, 5078, 2969, 6890, 6105, 2887, 9274, 3875]",2023-08-02,Regular
CUST_0601,49.0,Male,75271.0,20.0,[4792],2023-08-31,Regular
CUST_0602,28.0,Male,86052.0,48.0,"[2276, 7492, 7988, 8509, 3020, 6377, 3050, 8881, 9657]",2023-03-01,Regular
CUST_0603,50.0,Female,69602.0,83.0,"[9578, 210, 8760, 1499, 513, 5769]",2023-09-11,Regular
CUST_0604,56.0,Female,56771.0,87.0,"[5417, 9475, 3116, 7508, 9045, 3504, 4185]",2023-11-15,Regular
CUST_0605,44.0,Female,67553.0,24.0,"[1510, 1921, 6207, 2602, 1234, 6742, 5716, 638, 7535]",2023-11-27,Regular
CUST_0606,62.0,Male,58826.0,11.0,"[4666, 5541, 2977, 766, 1072, 7283, 4923, 3375, 1369]",2023-06-27,Regular
CUST_0607,30.0,Male,59872.0,98.0,"[1090, 6233, 9011, 3246]",2023-08-18,Regular
CUST_0608,25.0,Female,67832.0,55.0,"[3350, 6628, 6965, 1608, 5711, 8096, 9590, 1769]",2023-12-24,Regular
CUST_0609,18.0,Male,58113.0,28.0,"[2537, 2293, 7424, 4417, 8417, 1429]",2023-08-12,Regular
CUST_0610,57.0,Male,65380.0,69.0,"[8791, 4682, 3651, 3124, 5561, 1840]",2023-01-11,Regular
CUST_0611,47.0,Female,41595.0,63.0,"[911, 2878, 8281, 8923, 2044, 7362, 6303, 7301, 8931, 8510]",2023-03-24,Silver
CUST_0612,39.0,Male,73199.0,59.0,[8145],2023-05-28,Regular
CUST_0613,43.0,Male,70018.0,5.0,"[4110, 5941, 9072, 5560, 5480, 9987, 4773, 7774, 3721, 2310]",2023-04-09,Silver
CUST_0614,26.0,Female,57743.0,51.0,"[7358, 2980, 4700, 5153, 4028, 5071, 6660, 8495, 8084, 6178]",2023-08-29,Regular
CUST_0615,69.0,Male,79888.0,21.0,"[7596, 1489, 1676]",2023-06-26,Regular
CUST_0616,41.0,Male,84063.0,12.0,"[9492, 6628, 9680, 7385, 4886, 3652, 2266, 4927, 722, 3757]",2023-08-13,Regular
CUST_0617,41.0,Female,45886.0,50.0,[6718],2023-04-29,Regular
CUST_0618,48.0,Male,58559.0,4.0,"[9086, 3676, 4749, 4600, 559, 9807, 3308, 7066, 5261]",2023-09-17,Regular
CUST_0619,45.0,Male,58462.0,42.0,"[8365, 2706, 5489, 1821, 6571]",2023-04-23,Regular
CUST_0620,42.0,Female,55901.0,84.0,"[5918, 8992, 870, 2590, 9729, 2306]",2023-10-28,Regular
CUST_0621,30.0,Female,82442.0,38.0,"[3593, 8690, 4919, 4872, 6081, 5068, 1475]",2023-12-17,Regular
CUST_0622,45.0,Female,67092.0,25.0,"[2376, 5193, 2880]",2023-06-23,Silver
CUST_0623,62.0,Male,66032.0,14.0,"[1950, 3686, 7201]",2023-11-05,Gold
CUST_0624,56.0,Female,39942.0,75.0,"[6644, 4204]",2023-12-03,Regular
CUST_0625,59.0,Male,79531.0,32.0,"[7230, 4867, 4840, 2185, 1696, 8350]",2023-08-28,Regular
CUST_0626,33.0,Female,51411.0,11.0,[2512],2023-03-09,Regular
CUST_0627,28.0,Male,70898.0,61.0,"[5777, 1695, 6332]",2023-05-31,Regular
CUST_0628,38.0,Female,74160.0,18.0,[8918],2023-12-31,Regular
CUST_0629,40.0,Female,90409.0,27.0,"[653, 2656, 1882]",2023-07-19,Gold
CUST_0630,53.0,Female,50367.0,55.0,"[6033, 5679, 284, 7223, 6651, 2906, 948]",2023-08-02,Regular
CUST_0631,19.0,Female,24707.0,54.0,"[6104, 4766, 4868, 2271, 4166, 1512, 5868, 7698]",2023-12-11,Regular
CUST_0632,58.0,Male,72757.0,82.0,"[6630, 2718, 7269, 3492, 4589, 5946, 2375, 3916, 1174, 2103]",2023-12-01,Regular
CUST_0633,38.0,Female,97007.0,87.0,"[6875, 8282, 6094, 1856, 9025, 6038, 8789, 5361, 7548]",2023-07-04,Silver
CUST_0634,34.0,Female,88584.0,75.0,"[4874, 1390]",2023-08-30,Regular
CUST_0635,27.0,Male,73144.0,21.0,"[5438, 111, 9383, 6817, 4371, 4264, 8760, 7006, 4346, 9390]",2023-03-24,Regular
CUST_0636,20.0,Female,62625.0,44.0,"[7916, 3874, 5931, 7439, 7639, 6997, 1067, 1425]",2023-11-15,Gold
CUST_0637,49.0,Male,82106.0,5.0,"[7682, 9109, 929, 6023, 5482, 2652, 154, 7462]",2023-04-17,Regular
CUST_0638,40.0,Female,55396.0,87.0,[5822],2023-05-25,Silver
CUST_0639,24.0,Female,77145.0,41.0,"[5245, 3812]",2023-12-20,Regular
CUST_0640,24.0,Female,77582.0,59.0,"[6908, 3227, 3686, 1632]",2023-02-14,Silver
CUST_0641,35.0,Male,85903.0,89.0,"[2610, 8564, 4293, 3719, 2828, 6837, 7574, 4190, 7859, 4876]",2023-12-08,Regular
CUST_0642,60.0,Female,111394.0,54.0,"[5635, 4889, 9886, 5818, 7764, 4041]",2023-09-05,Regular
CUST_0643,36.0,Female,75886.0,74.0,"[8564, 6626, 7503]",2023-03-08,Silver
CUST_0644,21.0,Female,62365.0,22.0,"[7852, 9497, 1092, 5132, 7882, 8028, 6178, 6877]",2023-03-30,Regular
CUST_0645,37.0,Male,69616.0,83.0,[1691],2023-04-13,Regular
CUST_0646,36.0,Male,43463.0,65.0,[8063],2023-03-22,Regular
CUST_0647,7.0,Female,59579.0,64.0,"[4769, 6042, 972]",2023-11-07,Regular
CUST_0648,39.0,Male,63860.0,71.0,"[2295, 892, 473, 3904, 9846]",2023-09-09,Regular
CUST_0649,37.0,Female,,4.0,"[6596, 2936, 9638, 668, 7758, 1835, 4994, 206, 8520, 9314]",2023-02-21,Regular
CUST_0650,48.0,Female,72285.0,65.0,"[2931, 432, 6035, 5206, 2393, 1777, 457, 2468, 102]",2023-08-01,Regular
CUST_0651,62.0,Female,57663.0,15.0,"[959, 2831, 4054]",2023-09-10,Regular
CUST_0652,53.0,Female,86815.0,76.0,"[4113, 2083, 252, 7065, 9199, 5540, 7288]",2023-06-05,Regular
CUST_0653,36.0,Female,70003.0,22.0,"[9158, 3546, 9636, 2837, 6102, 2025, 9304, 5791, 2684]",2023-05-01,Regular
CUST_0654,26.0,Female,69860.0,86.0,"[5111, 5630, 5081, 3465, 1258, 5181, 2651]",2023-04-18,Silver
CUST_0655,70.0,Female,65081.0,47.0,"[8150, 5791, 6972, 9663, 5675, 7722, 7598, 9616, 4642]",2023-10-13,Gold
CUST_0656,40.0,Male,72327.0,81.0,"[8975, 8634, 4871, 2652, 3888, 7907, 2281, 7041]",2023-01-25,Silver
CUST_0657,40.0,Male,82376.0,93.0,"[4183, 3595, 5402, 7038, 2707, 2944]",2023-01-10,Regular
CUST_0658,39.0,Male,56993.0,46.0,"[6769, 8228, 852, 9320, 4817, 3600, 8953]",2023-07-03,Regular
CUST_0659,42.0,Male,60128.0,14.0,"[1909, 7486, 9309, 1982, 7397]",2023-05-14,Regular
CUST_0660,,Male,65444.0,50.0,"[7380, 8740, 2147, 2107]",2023-07-02,Regular
CUST_0661,33.0,Male,49811.0,20.0,"[8379, 3624, 7811, 1286]",2023-12-13,Regular
CUST_0662,33.0,Male,57711.0,50.0,"[6790, 6667]",2023-03-23,Regular
CUST_0663,39.0,Female,62856.0,33.0,"[165, 8585, 9584, 8495, 3774, 3222, 8991, 8821, 5787, 2819]",2023-03-31,Regular
CUST_0664,33.0,Female,83115.0,59.0,"[9845, 9168, 2874]",2023-09-15,Gold
CUST_0665,31.0,Female,73938.0,43.0,"[7526, 1369, 5304, 4289]",2023-01-17,Regular
CUST_0666,41.0,Female,72903.0,79.0,"[422, 3538, 8617, 7781, 4626, 1291, 5230, 3224, 183]",2023-02-02,Regular
CUST_0667,36.0,Male,82763.0,12.0,"[3856, 1097, 3679, 8632]",2023-06-22,Regular
CUST_0668,58.0,Male,67939.0,40.0,"[5530, 2447, 4766]",2023-08-09,Regular
CUST_0669,8.0,Female,351650.0,20.0,"[3496, 1920, 4297, 4249, 7546, 3714, 4065, 4562, 5756, 9794]",2023-02-28,Silver
CUST_0670,53.0,Female,68451.0,94.0,"[8160, 7236, 8060, 5597]",2023-11-13,Regular
CUST_0671,54.0,Male,73980.0,38.0,"[2041, 8020, 7411, 4782, 196, 4273, 1431]",2023-04-27,Regular
CUST_0672,15.0,Female,61258.0,3.0,"[5386, 3225, 4917, 2584, 8599, 572, 1079, 1717, 2233]",2023-03-03,Regular
CUST_0673,35.0,Female,33417.0,28.0,"[4817, 6335, 4553, 3413, 3673]",2023-10-15,Regular
CUST_0674,35.0,Female,67985.0,56.0,"[5619, 8119, 3506, 4176, 3575, 6827, 6095, 5810, 6533]",2023-04-25,Regular
CUST_0675,23.0,Female,91341.0,90.0,"[1827, 7825, 3615, 6764, 4926, 7391, 8907, 3872, 2936]",2023-09-07,Silver
CUST_0676,30.0,Male,83893.0,94.0,"[8695, 6441, 9292]",2023-05-13,Silver
CUST_0677,26.0,Female,84480.0,13.0,"[6349, 5759, 8504, 806, 1703, 2359, 3237]",2023-06-24,Silver
CUST_0678,61.0,Female,88541.0,77.0,"[7133, 6093, 4015, 8888, 7831]",2023-07-01,Regular
CUST_0679,51.0,Male,71329.0,66.0,"[7504, 5257, 4557, 1756, 8556, 1337]",2023-01-24,Silver
CUST_0680,55.0,Male,72959.0,37.0,"[6654, 9410, 7036, 892]",2023-10-13,Regular
CUST_0681,48.0,Female,60735.0,49.0,"[4030, 1045, 9374]",2023-05-17,Regular
CUST_0682,26.0,Male,65258.0,66.0,"[5529, 361, 4030, 7673, 924, 2698, 1637, 6582]",2023-03-19,Regular
CUST_0683,33.0,Female,79236.0,36.0,"[3162, 2549, 2913, 6302, 1399, 8401, 382]",2023-12-20,Regular
CUST_0684,45.0,Female,88058.0,54.0,"[8617, 3319, 4813, 9752, 5451, 2796]",2023-09-21,Regular
CUST_0685,25.0,Male,67908.0,26.0,"[1437, 9490, 5438, 5949, 4619, 7514, 8785, 4406]",2023-11-06,Silver
CUST_0686,48.0,Female,63247.0,75.0,"[3165, 3536, 5442, 8066, 4474, 3721, 2672, 3105, 100]",2023-12-09,Regular
CUST_0687,37.0,Female,70007.0,72.0,"[3504, 4745, 182]",2023-02-23,Regular
CUST_0688,35.0,Female,79018.0,40.0,"[9474, 4822, 190, 4361, 2999, 2389, 171, 3799]",2023-12-28,Regular
CUST_0689,48.0,Female,48342.0,43.0,"[8833, 4427, 2573, 7177, 6495, 8301, 2283]",2023-01-26,Silver
CUST_0690,45.0,Male,35557.0,22.0,"[4280, 2471]",2023-08-13,Gold
CUST_0691,35.0,Male,61741.0,20.0,"[8094, 6877, 2918, 7454, 8107, 4187, 8549, 1905, 2966, 6405]",2023-08-23,Silver
CUST_0692,53.0,Female,51689.0,8.0,"[4582, 7034, 4970, 3274, 1606, 9700, 319, 9726, 2892, 1337]",2023-02-26,Regular
CUST_0693,27.0,Male,62377.0,29.0,"[7298, 2404, 1591, 4986, 3484, 3184, 8014, 9979]",2023-02-24,Regular
CUST_0694,47.0,Female,67783.0,40.0,"[6999, 414, 894, 7530, 1546, 2738, 3984, 5477]",2023-11-09,Regular
CUST_0695,47.0,,63201.0,90.0,"[2002, 8431, 8190]",2023-11-09,Regular
CUST_0696,36.0,Female,91787.0,30.0,[1307],2023-02-22,Regular
CUST_0697,43.0,Female,74901.0,81.0,"[3909, 9752, 2546, 9945]",2023-10-15,Regular
CUST_0698,24.0,Female,74507.0,84.0,"[4662, 7732, 5259, 9822]",2023-01-22,Regular
CUST_0699,51.0,Male,79333.0,55.0,"[3952, 9616, 9368, 1670, 7309, 7472, 5540, 1309]",2023-09-17,Gold
CUST_0700,37.0,Female,52917.0,16.0,"[6421, 2067, 8886, 8650, 2256, 1217, 6365, 3312]",2023-02-23,Regular
CUST_0701,33.0,Male,85586.0,46.0,"[7964, 5888, 4018]",2023-03-27,Regular
CUST_0702,52.0,Male,68863.0,62.0,"[188, 515, 7856, 4805]",2023-11-19,Regular
CUST_0703,31.0,Female,80057.0,7.0,"[1634, 7730, 2562, 5049, 6890, 3450, 9699, 7619, 694, 3619]",2023-03-02,Gold
CUST_0704,23.0,Female,53922.0,80.0,"[7043, 7935, 1345]",2023-04-16,Silver
CUST_0705,21.0,Female,46693.0,45.0,"[3235, 5627, 6481, 3538]",2023-07-05,Silver
CUST_0706,47.0,Female,82268.0,59.0,"[7358, 311, 3839, 7271, 2581, 490, 7095, 5634]",2023-03-22,Gold
CUST_0707,24.0,Female,75646.0,56.0,"[7000, 1978, 1947, 3541, 7350, 2825, 8330, 9153, 5589]",2023-05-30,Regular
CUST_0708,61.0,Male,56469.0,48.0,"[5358, 4548]",2023-12-29,Regular
CUST_0709,15.0,Female,56955.0,27.0,"[5461, 4595, 7781, 5108, 7363]",2023-08-15,Regular
CUST_0710,60.0,Female,86881.0,53.0,[6235],2023-09-17,Regular
CUST_0711,42.0,Male,52158.0,87.0,"[7782, 2463, 7237, 6617, 5435, 3936]",2023-09-13,Regular
CUST_0712,38.0,Male,94640.0,88.0,"[6863, 7680, 1625, 2902, 4157, 3288, 1052, 6623, 533]",2023-02-20,Regular
CUST_0713,33.0,Female,56490.0,73.0,"[1868, 409, 1159]",2023-03-20,Gold
CUST_0714,44.0,Male,79575.0,35.0,"[1077, 5753, 8379, 6613]",2023-11-28,Gold
CUST_0715,39.0,Female,65070.0,51.0,"[6277, 5943, 585, 2285, 7206, 229, 9218, 6591, 9291]",2023-07-06,Silver
CUST_0716,53.0,Male,79047.0,84.0,"[4733, 6425]",2023-06-21,Silver
CUST_0717,41.0,Male,61838.0,37.0,"[5624, 9388, 4217, 3753, 7113, 8254]",2023-03-12,Regular
CUST_0718,41.0,Female,67558.0,81.0,"[5337, 7369, 8361, 871, 2237]",2023-03-04,Regular
CUST_0719,35.0,Male,70613.0,95.0,"[1061, 7279, 5363, 1975, 5309, 2562, 6290, 1871, 7517]",2023-04-14,Regular
CUST_0720,39.0,Male,54967.0,57.0,"[7486, 7686, 5807, 6777, 7055, 4328, 1130]",2023-08-13,Regular
CUST_0721,43.0,Male,81112.0,8.0,"[5544, 5096, 6609]",2023-08-01,Silver
CUST_0722,19.0,Male,62301.0,79.0,"[9984, 4485, 3588, 3220, 9915, 3314, 3780, 7665, 4362]",2023-01-04,Regular
CUST_0723,23.0,Male,66571.0,95.0,"[6123, 5675, 2217, 7680, 9268, 2615]",2023-05-06,Gold
CUST_0724,48.0,Male,55084.0,94.0,"[4530, 4031, 7290, 9831, 5998, 5224, 9934, 3088]",2023-08-31,Regular
CUST_0725,42.0,Female,31564.0,20.0,"[9845, 2226, 3217, 7738, 9439]",2023-06-24,Regular
CUST_0726,37.0,Female,67134.0,53.0,"[9199, 5161, 5749, 5758, 1033]",2023-05-27,Regular
CUST_0727,40.0,Male,106189.0,12.0,"[3620, 1470, 3734, 5863, 2406, 8129, 1009, 4058]",2023-09-16,Regular
CUST_0728,44.0,Female,81769.0,49.0,"[7369, 7263, 7949, 1811]",2023-03-29,Regular
CUST_0729,33.0,Female,69711.0,17.0,"[8213, 1044, 6458, 469, 8102, 3877, 7823, 9226, 3410, 8809]",2023-02-13,Regular
CUST_0730,30.0,Female,66056.0,64.0,"[4223, 8691, 8710, 2344, 6562, 6062, 213]",2023-05-17,Silver
,42.0,Male,70336.0,42.0,"[635, 5291, 3261, 5692, 3335, 7007, 1616]",2023-07-10,Regular
CUST_0732,28.0,Female,78206.0,94.0,"[9713, 7553, 5795, 991, 4376, 7885, 1565]",2023-08-01,Regular
CUST_0733,44.0,Male,52287.0,29.0,"[917, 5757, 588, 4051, 942, 5068]",2023-07-04,Regular
CUST_0734,19.0,Female,86714.0,19.0,"[7644, 4861, 2061]",2023-11-19,Regular
CUST_0735,52.0,Male,80730.0,11.0,"[6557, 2041, 6198, 7383, 2537, 809, 7790]",2023-12-07,Gold
CUST_0736,45.0,Male,80772.0,98.0,"[6878, 5802, 1214, 4194, 3716, 1985]",2023-05-06,Regular
CUST_0737,43.0,Female,76577.0,50.0,"[5979, 339, 3117, 9877, 6200, 9902]",2023-03-19,Gold
CUST_0738,51.0,Female,70294.0,71.0,"[6269, 4460, 9249, 2411, 6885, 1644, 7312, 949]",2023-09-29,Regular
CUST_0739,59.0,Male,80092.0,58.0,[2506],2023-08-04,Gold
CUST_0740,52.0,Female,78877.0,34.0,"[9274, 8700, 8219, 235, 6968, 1201, 4555, 325, 2169, 5426]",2023-04-27,Regular
CUST_0741,17.0,Female,64689.0,20.0,"[5509, 7528, 5533, 6268]",2023-03-12,Regular
CUST_0742,24.0,Female,61395.0,50.0,"[6981, 6715, 3828]",2023-08-08,Regular
CUST_0743,32.0,Male,71527.0,88.0,"[530, 1786, 2911, 7912, 6217, 625, 6582, 182, 3947]",2023-07-31,Regular
CUST_0744,40.0,Male,93235.0,10.0,"[6663, 9137, 3666, 1168, 2995]",2023-07-29,Regular
CUST_0745,46.0,Female,51413.0,32.0,"[2388, 3868, 9768, 1086, 3223, 8681, 5362]",2023-08-23,Regular
CUST_0746,31.0,Female,47987.0,52.0,"[2068, 9671, 5650]",2023-09-22,Regular
CUST_0747,42.0,Female,72471.0,15.0,[493],2023-12-16,Regular
CUST_0748,30.0,Male,70763.0,84.0,"[3118, 4950, 7469, 281, 6874, 3618, 3093, 9960, 9788]",2023-07-05,Regular
CUST_0749,32.0,Male,72600.0,3.0,"[8137, 6295, 8798, 8914, 8167]",2023-01-16,Silver
CUST_0750,23.0,Female,73659.0,37.0,[9446],2023-08-15,Regular
CUST_0751,28.0,Female,66651.0,40.0,"[2333, 3483, 3989, 1458, 7325]",2023-03-16,Regular
CUST_0752,23.0,Female,92347.0,72.0,"[9609, 6163, 6292, 2351, 2479, 1612, 9708, 9106, 3359]",2023-01-06,Regular
CUST_0753,28.0,Female,45986.0,40.0,"[1404, 6559, 5852, 6872, 2102, 1467, 6916, 8996, 9104]",2023-09-22,Silver
CUST_0754,52.0,Female,57572.0,56.0,"[9957, 9760, 1537, 9336, 9179, 3243, 5617]",2023-02-05,Regular
CUST_0755,28.0,Female,68451.0,23.0,"[1922, 8411]",2023-02-13,Regular
CUST_0756,71.0,Male,45352.0,11.0,"[7298, 7677, 8813]",2023-06-23,Gold
CUST_0757,45.0,Female,67362.0,64.0,"[9615, 3103, 7481, 8234, 6404, 7409, 1604]",2023-06-11,Silver
CUST_0758,42.0,Male,94922.0,8.0,"[1157, 1928, 7648, 6158]",2023-07-25,Regular
CUST_0759,29.0,Female,70313.0,93.0,"[6095, 6162, 6003, 2386, 358]",2023-03-26,Regular
CUST_0760,48.0,Female,73460.0,94.0,"[6912, 4818]",2023-08-11,Silver
CUST_0761,33.0,Male,51097.0,56.0,"[8476, 4740, 6530, 1921, 3935, 4791, 1721, 2340, 4145]",2023-02-01,Regular
CUST_0762,41.0,Male,60754.0,60.0,[9261],2023-07-21,Regular
CUST_0763,70.0,Male,64372.0,10.0,"[2303, 6746, 2108, 2125, 1853, 9551, 4448]",2023-01-19,Regular
CUST_0764,38.0,Male,65234.0,39.0,"[4950, 3316, 4629, 2543, 4108, 514, 7379, 3865, 3197, 6153]",2023-12-05,Silver
CUST_0765,53.0,Female,89224.0,28.0,"[5978, 5299, 8770, 7890, 5254, 4570, 8287, 519, 9958, 5235]",2023-11-25,Regular
CUST_0766,31.0,Male,78365.0,49.0,"[9839, 488, 3935, 7675, 9629, 1979, 4451]",2023-03-19,Silver
CUST_0767,39.0,Female,53328.0,36.0,"[7759, 2930, 1748, 3014, 9198]",2023-10-22,Regular
CUST_0768,61.0,Male,73697.0,13.0,"[9046, 4689, 6496, 995, 5056, 1879, 5895, 8953, 5509]",2023-01-30,Regular
CUST_0769,32.0,Female,77473.0,96.0,"[4194, 4563, 1870, 5944, 7155, 2099, 4601]",2023-11-20,
CUST_0770,61.0,Female,87102.0,36.0,"[3308, 6520, 7143, 1723, 7359]",2024-01-01,Regular
CUST_0771,48.0,Female,93708.0,26.0,"[1230, 4549]",2023-12-05,Gold
CUST_0772,33.0,Female,54773.0,86.0,"[944, 7102, 7296, 9754, 6159, 1683]",2023-09-24,Silver
CUST_0773,47.0,Female,57837.0,4.0,"[3868, 7705, 9131, 5698, 6629, 1585, 8701, 1870, 7149]",2023-06-01,Regular
CUST_0774,51.0,Female,51136.0,95.0,"[3149, 7328, 9613, 2958, 1888, 8995, 9608]",2023-08-03,Regular
CUST_0775,47.0,Male,66489.0,82.0,[6263],2023-07-25,Regular
CUST_0776,21.0,Female,76995.0,64.0,"[220, 5026, 5036, 8093, 6119]",2023-12-15,Regular
CUST_0777,31.0,Male,84810.0,38.0,"[2454, 5929, 4809, 4160, 886, 6041, 2522, 5518]",2023-12-25,Regular
CUST_0778,37.0,Male,68860.0,88.0,"[6323, 8219, 2155, 1929, 645, 3555, 1539, 421, 5823, 6072]",2023-10-11,Regular
CUST_0779,39.0,Female,65202.0,87.0,"[9211, 585, 4227, 1864, 6753, 6149]",2023-06-05,Regular
CUST_0780,47.0,Male,72276.0,22.0,"[5765, 5665, 9666, 7518, 3665, 454, 7708, 3295, 8985, 8220]",2023-06-10,Silver
CUST_0781,42.0,Female,57472.0,2.0,"[8448, 742, 4761, 1308, 8608, 3359, 4196]",2023-06-26,Gold
CUST_0782,23.0,Male,101343.0,31.0,"[6988, 6159, 1182, 7324]",2023-01-05,Regular
CUST_0783,44.0,Female,45885.0,11.0,"[9873, 4888, 6917, 9345, 9864, 2943, 6127, 3233, 5301]",2023-05-24,Silver
CUST_0784,47.0,Male,72771.0,92.0,"[3603, 1384, 5670, 5245, 6355, 4975, 1881, 6133, 7115, 9794]",2023-09-28,Regular
CUST_0785,46.0,Female,100354.0,46.0,[1270],2023-11-09,Regular
CUST_0786,52.0,Female,70101.0,96.0,"[6292, 1267, 8495, 8015, 9989, 4199, 3404, 5648]",2023-03-17,Regular
CUST_0787,,Female,67149.0,62.0,"[211, 2091, 2888, 7922]",2023-12-25,Regular
CUST_0788,45.0,Female,64638.0,69.0,"[3072, 5544, 7693, 1226, 3399]",2023-07-26,Regular
CUST_0789,39.0,Male,67294.0,64.0,"[7271, 6198, 388, 1838, 3372, 3445, 6757]",2023-08-17,Regular
CUST_0790,20.0,Female,90592.0,10.0,"[7992, 6491, 4866, 6309, 8931, 5415, 3417, 7861]",2023-11-26,Silver
CUST_0791,45.0,Male,36822.0,40.0,"[9285, 654, 5258, 5692, 6814, 5596, 285]",2023-04-16,Silver
CUST_0792,42.0,Male,93001.0,24.0,"[6886, 8015, 8891, 3600, 9699, 2876, 408, 9837, 6302, 8439]",2023-10-06,Regular
CUST_0793,43.0,Male,48640.0,99.0,"[6096, 1955, 1256, 7845, 3151, 8592, 7127, 2787, 959, 8782]",2023-11-16,Gold
CUST_0794,24.0,Female,66000.0,44.0,"[4573, 9512, 2239, 3092, 1211, 7870]",2023-11-13,Regular
CUST_0795,27.0,Male,63561.0,60.0,"[9142, 4493, 346, 4878]",2023-11-30,Regular
CUST_0796,52.0,Male,78828.0,62.0,"[1625, 3467, 4886, 8751, 3172, 3340, 7717, 1072, 9824]",2023-08-15,Regular
CUST_0797,39.0,Male,46028.0,87.0,"[6799, 1413, 7273, 4647, 7165, 5271, 140, 9330, 6901]",2023-12-24,Regular
CUST_0798,48.0,Female,76932.0,17.0,"[8731, 3399, 8902, 1120, 7685, 7480, 322, 7609, 6424, 2177]",2023-06-26,Regular
CUST_0799,40.0,Female,100364.0,65.0,"[2006, 2838, 3259, 4467]",2023-11-29,Regular
CUST_0800,40.0,Male,49552.0,95.0,"[2799, 1659]",2023-07-27,Regular
CUST_0801,51.0,Female,72845.0,95.0,"[251, 6267]",2023-04-12,Silver
CUST_0802,33.0,Female,60070.0,57.0,"[1113, 5471, 5538, 2783, 9438, 8059, 5783, 1795, 3182]",2023-06-04,Regular
CUST_0803,41.0,Male,76388.0,55.0,"[5451, 602, 387, 9042, 599, 3897]",2023-02-13,Regular
CUST_0804,34.0,Male,70287.0,53.0,"[4322, 1871]",2023-01-19,Regular
CUST_0805,34.0,Female,60377.0,56.0,"[8923, 6331, 6932, 4513, 3620, 3390, 2061, 7608, 8112, 877]",2023-10-03,Regular
CUST_0806,36.0,Male,77318.0,98.0,"[5721, 1019, 8043, 7016, 1062, 3172, 6479, 7688]",2023-06-21,Regular
CUST_0807,42.0,Female,97065.0,9.0,"[2393, 2315, 8624, 6207, 9137, 3981, 7026, 6685]",2023-07-19,Silver
CUST_0808,34.0,Female,67136.0,22.0,"[4587, 399, 4805, 3579, 4666, 1790]",2023-03-06,Regular
CUST_0809,55.0,Female,80796.0,13.0,"[6083, 1361, 1119, 8193, 7987, 3326]",2023-09-24,Regular
CUST_0810,29.0,Female,50600.0,89.0,"[7945, 5374]",2023-10-04,Regular
CUST_0811,37.0,Female,55653.0,48.0,"[5946, 2461, 2512, 1674, 4875, 753, 2161]",2023-05-26,Regular
CUST_0812,34.0,Female,77086.0,18.0,"[4368, 9804, 5715, 3487, 6971, 1813, 6729, 7419, 7147, 8383]",2023-04-20,Regular
CUST_0813,57.0,Male,92261.0,76.0,"[5962, 4682]",2023-02-17,Regular
CUST_0814,42.0,Male,75334.0,40.0,"[1066, 4507, 3149, 4117, 6022, 6886, 6004, 8216, 3341]",2023-09-19,Gold
CUST_0815,52.0,Female,65304.0,17.0,[996],2023-10-10,Regular
CUST_0816,22.0,Female,69989.0,,"[8883, 9042, 6397]",2023-06-09,Regular
CUST_0817,43.0,Female,51243.0,15.0,[7595],2023-09-24,Regular
CUST_0818,50.0,Male,79067.0,79.0,"[4584, 2985, 6194]",2023-06-24,Regular
CUST_0819,40.0,Female,83234.0,63.0,"[2037, 6847, 3234, 5745, 9140, 3115, 9438, 4403]",2023-11-22,Regular
CUST_0820,52.0,Male,63218.0,39.0,"[9903, 5868, 6153, 5153, 8491, 8539]",2023-03-23,Gold
CUST_0821,33.0,Female,62949.0,13.0,[3755],2023-01-12,Regular
CUST_0822,56.0,Female,73988.0,81.0,"[9682, 108, 5644, 9789, 1186, 2893, 408, 4373, 5942]",2023-01-15,Regular
CUST_0823,67.0,Male,63449.0,32.0,"[7146, 4119, 4408, 2191, 1816, 1476]",2023-10-04,Regular
CUST_0824,35.0,Male,69008.0,9.0,"[3907, 9252, 8415, 1627, 9974, 6733, 1429, 810, 255]",2023-10-31,Regular
CUST_0825,34.0,Female,101495.0,40.0,"[6613, 9752, 1444, 1458, 8078, 8615, 8946, 6984]",2023-05-13,Regular
CUST_0826,57.0,Female,66294.0,20.0,"[6270, 4598, 4298, 8218, 3908, 2334, 4305]",2023-05-04,Regular
CUST_0827,58.0,Female,64624.0,90.0,[5821],2023-06-05,Regular
CUST_0828,33.0,Male,60286.0,91.0,"[7150, 2765, 9272, 5805]",2023-08-05,Regular
CUST_0829,34.0,Male,81162.0,85.0,[9784],2023-09-16,Silver
CUST_0830,36.0,Male,67281.0,82.0,"[4884, 3748, 5844, 9621, 892, 7328, 5311, 8607, 7530, 2866]",2023-02-26,Regular
CUST_0831,23.0,Male,60259.0,77.0,"[874, 8910, 975, 4777, 7442, 9608, 873, 6373, 8001]",2023-01-31,Regular
CUST_0832,28.0,Male,89819.0,80.0,"[6169, 9045, 5396, 206, 4594]",2023-07-10,Regular
CUST_0833,27.0,Male,91294.0,73.0,"[5782, 3381, 3593, 9779, 3016, 1758, 6981, 6016]",2023-05-13,Regular
CUST_0834,30.0,Female,60993.0,63.0,"[7297, 5680, 708, 4784, 1773]",2023-11-18,Regular
CUST_0835,39.0,Female,42001.0,76.0,[6597],2023-09-17,Regular
CUST_0836,42.0,Male,85112.0,44.0,"[8108, 6280, 2939, 916, 5105]",2023-07-01,Regular
CUST_0837,58.0,Female,59730.0,38.0,"[2595, 6196, 2824, 2643, 7440]",2023-03-05,Regular
CUST_0838,28.0,Female,81859.0,83.0,"[1828, 5958, 1596, 4521, 8097, 2686, 7037, 4900, 8013, 8633]",2023-01-25,Regular
CUST_0839,51.0,Male,40448.0,60.0,"[9842, 9676, 5995, 8235, 8392, 7552]",2023-11-30,Regular
CUST_0840,37.0,Female,83388.0,71.0,"[7726, 2455, 4457, 6411, 2187, 7370, 3516]",2023-03-05,Silver
CUST_0841,39.0,Male,51832.0,99.0,"[7579, 1248, 1759, 4047, 3083]",2023-08-18,Regular
CUST_0842,48.0,Male,80961.0,48.0,"[2413, 6866, 3961, 2699, 5351, 4403, 2959, 7993, 3881]",2023-06-02,Regular
CUST_0843,26.0,Female,70214.0,18.0,"[9621, 6860, 506, 9185, 6410, 9566]",2023-10-21,Regular
CUST_0844,44.0,Male,55690.0,16.0,"[6143, 6555, 2798, 2776, 8042, 2627, 5883]",2023-01-03,Regular
CUST_0845,41.0,Male,63894.0,55.0,"[7754, 7516, 7369, 5928, 2029, 3440, 6933, 1881]",2023-08-21,Regular
CUST_0846,45.0,Male,80294.0,39.0,"[204, 183, 772, 4171, 5300, 6886, 3580, 7279, 2593]",2023-06-23,Regular
CUST_0847,43.0,Male,71588.0,68.0,[334],2023-05-01,Silver
CUST_0848,69.0,Male,78766.0,59.0,"[663, 5981]",2023-10-25,Regular
CUST_0849,32.0,Male,99646.0,89.0,"[9509, 6417, 7109, 1287]",2023-10-17,Regular
CUST_0850,33.0,Male,46536.0,96.0,"[1386, 6598, 9008, 5704, 9674, 8970, 6986, 2608, 4722, 9368]",2024-01-01,Regular
CUST_0851,32.0,Male,94258.0,62.0,"[9234, 2836, 4327, 9043, 7721, 3301, 1703, 832]",2023-11-18,Regular
CUST_0852,33.0,Female,71565.0,13.0,[3889],2023-12-07,Regular
CUST_0853,32.0,Female,56518.0,81.0,"[9959, 2656, 8146, 1861, 787, 9796]",2023-10-01,Silver
CUST_0854,54.0,Female,50045.0,6.0,"[6141, 1866, 4971, 1524]",2023-11-01,Regular
CUST_0855,57.0,Male,67163.0,83.0,"[2262, 6469, 9134, 7182, 1122, 821, 5756]",2023-04-30,Silver
CUST_0856,33.0,Male,83824.0,77.0,"[7794, 285, 5027, 6563, 108]",2023-06-29,Silver
CUST_0857,30.0,Female,68086.0,60.0,[6679],2023-06-03,Silver
CUST_0858,45.0,Female,92667.0,90.0,"[1600, 3365, 3974, 136, 7105]",2023-05-26,Regular
CUST_0859,33.0,Female,48232.0,14.0,"[4833, 4098, 7304, 8141, 793, 2335, 3905, 6923]",2023-12-08,Regular
CUST_0860,47.0,Male,69818.0,95.0,"[1299, 5399, 9916, 3401, 3097, 646, 9970, 6506]",2023-10-21,Regular
CUST_0861,42.0,Female,51214.0,54.0,"[5392, 9613, 896, 4650, 7688, 6513]",2023-12-11,Regular
CUST_0862,21.0,Female,75454.0,4.0,"[5589, 9678, 6641]",2023-03-13,Regular
CUST_0863,58.0,Male,83303.0,39.0,"[6989, 8974, 6343, 3656, 940]",2024-01-01,Silver
CUST_0864,61.0,Female,63688.0,72.0,"[7379, 1485, 2011, 7225, 5970, 4943, 723, 5451]",2023-07-13,Regular
CUST_0865,32.0,Male,30936.0,25.0,"[5046, 9653, 8136, 9669, 262]",2023-09-24,Regular
CUST_0866,35.0,Male,72984.0,77.0,"[654, 7899, 523, 1270, 8090, 6706]",2023-05-07,Regular
CUST_0867,43.0,Male,76551.0,32.0,"[9406, 8714, 5411, 7436, 2406, 813, 7381, 4940]",2023-02-23,Regular
CUST_0868,44.0,Female,76064.0,59.0,[4765],2023-06-17,Regular
CUST_0869,47.0,Female,88536.0,63.0,"[553, 7042, 1392, 1805, 594, 3142, 7957, 4616, 1789, 5951]",2023-09-22,Silver
CUST_0870,64.0,Male,53934.0,38.0,"[1230, 5990]",2023-10-26,Regular
CUST_0871,37.0,Female,80203.0,92.0,"[2283, 8064, 4319, 8134, 9823, 6816, 3309, 9760, 5802, 1459]",2023-04-09,Silver
CUST_0872,30.0,Female,87887.0,53.0,"[7665, 5971, 3421, 1295]",2023-07-04,Silver
CUST_0873,23.0,Female,43321.0,94.0,"[7599, 1763, 3762]",2023-08-21,Silver
CUST_0874,31.0,Female,74794.0,67.0,"[4442, 9264, 502]",2023-02-20,Regular
CUST_0875,39.0,Male,62437.0,28.0,"[7931, 6358]",2023-03-17,Silver
CUST_0876,61.0,Female,68777.0,3.0,"[7798, 254, 4920, 162, 1876, 982, 6552]",2023-12-31,Regular
CUST_0877,33.0,Male,75215.0,98.0,"[4220, 8093, 7748, 6954, 2140]",2023-08-06,Regular
CUST_0878,42.0,Male,62691.0,80.0,"[5278, 4179, 9387, 6144, 472]",2023-07-30,Regular
CUST_0879,39.0,Female,59864.0,22.0,"[7200, 6159, 971]",2023-02-11,Regular
CUST_0880,54.0,Male,70512.0,96.0,"[3543, 145, 2432, 1263, 5348]",2023-02-17,Regular
CUST_0881,70.0,Female,53691.0,38.0,"[6227, 8641]",2023-02-01,Regular
CUST_0882,33.0,Female,53712.0,72.0,"[5124, 4695, 6301, 2160, 625, 1215, 1577, 8453, 9123]",2023-08-06,Regular
CUST_0883,34.0,Male,80190.0,72.0,"[1845, 6734, 526, 6484, 2922, 4403, 3409, 8071]",2023-03-08,Gold
CUST_0884,52.0,Male,52768.0,62.0,"[528, 7430, 9256, 1841, 7876, 4902, 1249, 8961]",2023-09-01,Regular
CUST_0885,48.0,Male,79994.0,57.0,"[5967, 3327, 2067, 6800, 3324, 7811, 3328, 1070]",2023-04-20,Regular
CUST_0886,62.0,Male,76938.0,6.0,"[8711, 3817, 2284, 4762, 4895, 8915, 1534]",2023-08-17,Regular
CUST_0887,47.0,Female,44112.0,78.0,"[4604, 3934, 1450, 7226, 6357, 9758, 2101, 1359, 6952, 690]",2023-02-09,Regular
CUST_0888,35.0,Female,59836.0,32.0,"[1199, 4708, 4240]",2023-07-09,Gold
CUST_0889,47.0,Female,87911.0,99.0,"[2276, 3022, 1652, 7966, 9532, 9065]",2023-12-13,Regular
CUST_0890,53.0,Male,55282.0,10.0,"[9704, 8564, 956, 8584, 4943, 9957, 5956, 8386, 2863, 7327]",2023-09-27,Regular
CUST_0891,49.0,Male,63033.0,3.0,"[2553, 4399, 2301, 9282]",2023-07-26,Regular
CUST_0892,46.0,Male,76930.0,59.0,"[9146, 8992, 4235]",2023-10-29,Gold
CUST_0893,52.0,Female,81750.0,76.0,[496],2023-10-14,Regular
CUST_0894,54.0,Male,66226.0,49.0,"[7361, 5091, 4314, 4003, 8116, 6996, 1070, 5003]",2023-09-23,Silver
CUST_0895,56.0,Female,61037.0,59.0,"[5629, 222]",2023-07-22,Regular
CUST_0896,47.0,Male,91335.0,31.0,"[9504, 1413, 3028, 6511, 998, 4849, 3117]",2023-05-16,Regular
CUST_0897,37.0,Female,96083.0,93.0,"[8593, 7498, 341, 4602, 7741, 8754, 4113, 7919]",2023-10-27,Regular
CUST_0898,41.0,Female,84682.0,69.0,"[6305, 7068, 113, 6310, 3910, 6938]",2023-09-13,Silver
CUST_0899,54.0,Male,71279.0,62.0,"[423, 4316, 2770, 9466, 5470, 7965, 7898, 901, 8820]",2023-11-22,Regular
CUST_0900,30.0,Male,57876.0,52.0,[5195],2023-08-05,Regular
CUST_0901,44.0,Female,57543.0,89.0,"[8890, 1198, 3719, 6229, 3719, 1835]",2023-08-14,Regular
CUST_0902,35.0,Female,77837.0,41.0,"[7078, 5651, 7758, 1470, 3415, 5442, 6525, 7400, 7547]",2023-12-19,Regular
CUST_0903,40.0,Male,76275.0,31.0,"[7556, 7632, 3272, 8989]",2023-09-08,Regular
CUST_0904,55.0,Male,91023.0,85.0,"[6834, 2843, 727, 3517, 4913, 5314, 1314, 7127, 6815]",2023-08-02,Gold
CUST_0905,42.0,Female,79756.0,84.0,"[9004, 4574, 3744, 6765, 6962, 9783, 8842, 1964, 8851]",2023-03-25,Regular
CUST_0906,40.0,Male,47453.0,22.0,"[893, 8989]",2023-03-15,Regular
CUST_0907,23.0,Female,85779.0,4.0,"[9586, 861, 1731, 1209, 1564]",2023-09-16,Silver
CUST_0908,48.0,Female,55029.0,13.0,"[8762, 5254, 6310]",2023-03-07,Regular
CUST_0909,47.0,Male,64240.0,45.0,"[4223, 6855, 9324, 4791, 4259]",2023-09-06,Regular
CUST_0910,65.0,Male,73753.0,42.0,[2986],2023-12-31,Regular
CUST_0911,36.0,Male,99935.0,49.0,"[318, 8039]",2023-08-23,Regular
CUST_0912,42.0,Male,116648.0,20.0,"[6482, 4175, 3493, 6495, 3330, 5974, 6998, 8434, 4508]",2023-03-08,Regular
CUST_0913,42.0,Male,79100.0,77.0,"[5715, 8992, 3134, 7913, 2345]",2023-12-27,Regular
CUST_0914,58.0,Female,67252.0,81.0,"[9710, 7720, 568, 3595, 4613, 1746]",2023-09-20,Regular
CUST_0915,38.0,Female,78017.0,54.0,,2023-09-28,Regular
CUST_0916,43.0,Male,83314.0,36.0,"[1696, 1257, 9938]",2023-03-02,Gold
CUST_0917,47.0,Male,65189.0,97.0,"[1352, 2678, 1926, 5668, 443, 3237, 3504, 3791, 5444, 1709]",2023-12-22,Silver
CUST_0918,42.0,Male,96928.0,1.0,"[1302, 346, 9317, 7708, 9483]",2023-04-19,Silver
CUST_0919,34.0,Female,73451.0,15.0,"[1644, 9704, 5506, 5123, 6507, 3026]",2023-08-22,Silver
CUST_0920,42.0,Male,77466.0,77.0,"[9699, 7566, 9941, 6702, 8015]",2023-08-31,Regular
CUST_0921,52.0,Male,79988.0,17.0,"[3452, 1211, 4841, 496, 6812, 1257, 345, 6213]",2023-01-17,Silver
CUST_0922,27.0,Female,76323.0,24.0,"[4515, 1015, 644, 6448]",2023-03-22,Regular
CUST_0923,41.0,Female,82584.0,58.0,"[5311, 7834, 7694, 2037, 927, 8509, 6802, 9580, 9760, 4004]",2023-10-14,Regular
CUST_0924,31.0,Male,60741.0,72.0,"[3245, 6090, 9439, 9093, 3674, 1564, 8552, 3759]",2023-07-09,Regular
CUST_0925,54.0,Male,61625.0,91.0,"[220, 3514, 3150, 4511, 5654, 2235]",2023-03-02,Regular
CUST_0926,21.0,Male,53497.0,23.0,"[7441, 4214, 4480, 1721, 7307, 8987, 7313, 4200]",2023-11-05,Silver
CUST_0927,33.0,Female,76592.0,46.0,"[6019, 1522, 3101, 9884, 5300, 3420, 9338, 5947, 3820, 165]",2023-07-29,Gold
CUST_0928,44.0,Male,81684.0,72.0,"[4203, 5602, 7131, 7576, 1455]",2023-02-26,Regular
CUST_0929,58.0,Male,76866.0,8.0,"[8339, 2965, 4956]",2023-03-03,Silver
CUST_0930,39.0,Male,95117.0,59.0,"[8362, 3108, 5636, 4688, 365]",2023-07-09,Regular
CUST_0931,33.0,Female,69916.0,90.0,[1624],2023-10-20,Regular
CUST_0932,62.0,Female,80031.0,59.0,"[9564, 8359, 4778, 6572, 8937]",2023-05-29,Regular
CUST_0933,22.0,Male,53624.0,13.0,"[1875, 9077, 6483, 381, 7670, 4981, 9709]",2023-01-21,Regular
CUST_0934,13.0,Male,64193.0,39.0,"[7481, 5852, 5699, 8696, 6317, 4812, 6973, 1283, 5174, 5795]",2023-09-25,Gold
CUST_0935,45.0,Female,80433.0,28.0,"[1712, 679, 3264, 8795, 1441]",2023-03-20,Silver
,33.0,Female,82736.0,89.0,"[623, 3675, 6398]",2023-03-02,Silver
CUST_0937,27.0,Female,65590.0,61.0,"[582, 2987, 6425, 860, 2018, 6317]",2023-07-10,Regular
CUST_0938,48.0,Female,68926.0,16.0,"[6027, 1754]",2023-06-06,Gold
CUST_0939,42.0,Female,47231.0,2.0,"[8737, 8285, 6881, 3080, 6885, 6914]",2023-07-11,Regular
CUST_0940,33.0,Female,64644.0,82.0,"[5390, 3581]",2023-06-05,Silver
CUST_0941,24.0,Female,83355.0,17.0,"[227, 5229, 3792]",2023-05-31,Regular
CUST_0942,50.0,Female,78628.0,30.0,"[4178, 9216, 1713, 2256, 5083, 8332, 7971, 5630]",2023-09-06,Regular
CUST_0943,47.0,Female,77509.0,13.0,"[8476, 7154, 7052, 8045, 4231, 9168, 1253, 1399, 272]",2023-01-15,Regular
CUST_0944,38.0,Male,70746.0,96.0,"[3184, 3689, 8188, 8908, 6016, 7659]",2023-03-15,Regular
CUST_0945,62.0,Male,70105.0,93.0,"[1804, 3116, 7470, 1274, 1374, 6973]",2023-03-14,Regular
CUST_0946,27.0,Male,60095.0,94.0,"[3143, 2177, 9812, 4305]",2023-10-29,Regular
CUST_0947,21.0,Female,80482.0,82.0,"[869, 7769]",2023-08-04,Regular
CUST_0948,31.0,Male,76314.0,13.0,"[520, 1167, 7951, 5183, 686, 1277, 2604]",2023-01-25,Regular
CUST_0949,39.0,Female,77380.0,43.0,"[3086, 201]",2023-06-06,Regular
CUST_0950,42.0,Female,62109.0,85.0,"[7845, 9208]",2023-05-26,Regular
CUST_0951,37.0,Male,37699.0,94.0,"[5917, 2080, 6738, 389]",2023-04-21,Regular
CUST_0952,44.0,Female,86457.0,21.0,"[8474, 9424, 9493]",2023-04-04,Regular
CUST_0953,24.0,Male,62817.0,55.0,"[3586, 8565, 7829, 6168, 5098, 776]",2023-09-08,Regular
CUST_0954,57.0,Male,57058.0,81.0,"[7656, 5335, 7186, 9646, 1800, 7564, 142, 7280, 9249, 9212]",2023-01-02,Gold
CUST_0955,39.0,Male,80402.0,40.0,"[3727, 5934, 4452, 9581, 1890, 3612, 3858, 2221]",2023-03-04,Silver
CUST_0956,53.0,Female,64119.0,83.0,"[4135, 7637, 3211, 4712]",2023-10-08,Regular
CUST_0957,44.0,Male,85899.0,15.0,"[1445, 7646, 7076, 5615, 502, 3348, 1245, 2907, 6043]",2023-06-28,Silver
CUST_0958,45.0,Female,79255.0,73.0,"[6901, 8426, 2336, 4132, 9851]",2023-02-04,Silver
CUST_0959,46.0,Male,80253.0,52.0,"[1968, 789, 8426, 4809, 6823, 1875, 9987]",2023-01-23,Gold
CUST_0960,45.0,Male,49510.0,74.0,"[6753, 4024, 5274, 6797, 1280, 4008, 6980, 9777]",2023-08-02,Regular
CUST_0961,47.0,Male,88179.0,95.0,"[740, 9754, 3452]",2023-09-04,Regular
CUST_0962,55.0,Female,73918.0,53.0,"[8455, 4102, 2405, 4304, 5041, 7671, 7683, 5977, 7587, 8029]",2023-10-21,Regular
CUST_0963,42.0,Female,64460.0,87.0,"[3625, 6700, 9506, 9876, 5163, 1559, 4600]",2023-06-08,Regular
CUST_0964,48.0,Female,72150.0,52.0,"[2581, 5023]",2023-10-17,Regular
CUST_0965,,Male,43356.0,30.0,"[394, 7404, 8320]",2023-08-20,Regular
CUST_0966,57.0,Male,76129.0,33.0,"[6813, 9723, 3888, 6824, 1612, 6257, 1053, 857]",2023-06-22,Silver
CUST_0967,31.0,Female,54559.0,57.0,"[7698, 7948, 2099, 6654, 4953, 2690, 3501, 8610, 5511]",2023-07-13,Gold
CUST_0968,61.0,Female,49709.0,52.0,[9908],2023-09-01,Regular
CUST_0969,39.0,Female,47164.0,9.0,"[3897, 3214]",2023-11-07,Regular
CUST_0970,22.0,Female,86690.0,54.0,"[4481, 456, 1851, 6628, 7815, 8858, 1725]",2023-03-09,Regular
CUST_0971,41.0,Female,60561.0,1.0,"[1431, 7185, 4925, 1182, 6782, 6634, 6885]",2023-03-12,Silver
CUST_0972,31.0,Female,93005.0,44.0,"[4751, 5666, 1647, 651, 2707, 5951, 3840, 6797, 7688, 2915]",2023-09-16,Regular
CUST_0973,,Male,61962.0,99.0,[378],2023-11-22,Regular
CUST_0974,32.0,Female,44389.0,75.0,[1369],2023-08-24,Regular
CUST_0975,34.0,Male,53252.0,98.0,"[3553, 7446, 366, 8924, 3478, 1063]",2023-08-19,Regular
CUST_0976,17.0,Male,88537.0,80.0,"[9920, 4178, 658, 2517, 2422, 3189]",,Regular
CUST_0977,34.0,Female,67661.0,9.0,"[9112, 748]",2023-08-18,Regular
CUST_0978,10.0,Female,61775.0,32.0,"[1233, 1780, 5430, 470, 6611]",2023-03-18,Silver
CUST_0979,20.0,Male,72400.0,15.0,"[5723, 9023, 2739, 6989, 5921, 9859, 3839]",2023-06-16,Gold
CUST_0980,49.0,Female,77526.0,12.0,"[3291, 1067, 4934, 6939, 2138, 5017, 8133]",2023-02-15,Gold
CUST_0981,49.0,Female,,97.0,"[1749, 3065, 9697, 2097, 6390, 9743]",2023-11-16,Gold
CUST_0982,45.0,Male,91727.0,78.0,"[8419, 5404]",2023-12-07,Regular
CUST_0983,28.0,Male,64603.0,57.0,"[2725, 3043, 5777, 8065, 6283]",2023-11-16,Regular
CUST_0984,39.0,Male,50109.0,8.0,"[7205, 5824]",2023-07-29,Silver
CUST_0985,39.0,Female,443611.0,72.0,"[3434, 765, 8031, 4805, 2176, 7976, 6550, 3088, 8060, 4385]",2023-07-18,Gold
,26.0,Male,73904.0,27.0,"[3202, 4201, 2587, 5202, 6748, 5520, 8820, 6315, 5210]",2023-04-30,Regular
CUST_0987,58.0,Female,55543.0,62.0,"[5810, 2208, 9624]",2023-07-22,Regular
CUST_0988,50.0,Male,55642.0,12.0,"[2752, 6415, 8108, 8542, 9077, 9352, 7293, 692]",2023-06-23,Regular
CUST_0989,37.0,Male,75156.0,65.0,"[3706, 1562, 1589, 6884]",2023-10-04,Regular
CUST_0990,40.0,Male,69270.0,42.0,"[8456, 4161, 8615, 9120, 6375]",2023-01-24,Regular
CUST_0991,42.0,Female,70491.0,62.0,"[2742, 2941, 1689, 6899, 2437, 2460, 1584]",2023-12-10,Regular
CUST_0992,15.0,Female,58622.0,11.0,[2531],2023-08-15,Regular
CUST_0993,37.0,Male,66543.0,43.0,"[4695, 5642, 4417, 6504, 466]",2023-05-23,Regular
CUST_0994,31.0,Male,56136.0,95.0,"[2799, 388, 7917]",2023-11-27,Silver
CUST_0995,27.0,Male,83352.0,17.0,"[6620, 1842, 8539, 9641, 4909]",2023-02-15,Regular
CUST_0996,36.0,Female,85528.0,97.0,[647],2023-03-26,Regular
CUST_0997,61.0,Male,42307.0,32.0,"[3207, 3049]",2023-12-29,Regular
CUST_0998,47.0,Female,56057.0,93.0,"[9015, 4129]",2023-01-13,Silver
CUST_0999,33.0,Male,47552.0,85.0,"[6749, 8868, 4029, 8414, 8443, 2436]",2023-10-20,Regular
CUST_1000,46.0,Male,60249.0,85.0,"[7371, 9336, 5267, 8306, 9501, 9322, 2592, 8857, 2456, 1310]",2023-11-19,Gold
